cod;nome;per√≠odo;homicidios-por-armas-de-fogo;homicidios-de-homens-por-armas-de-fogo;homicidios-homens;homicidios-de-jovens;homicidios-de-mulheres-por-armas-de-fogo;homicidios-mulheres-negras;homicidios-nao-negros;homicidios-mulheres;homicidios-de-jovens-homens;homicidio-de-jovens-por-armas-de-fogo;homicidios-homens-negros;homicidios;homicidios-de-jovens-mulheres;homicidios-homens-nao-negros;homicidios-negros;homicidios-mulheres-nao-negras
28;SE;1979;22;;;;;;;;21;;;;4;;;
27;AL;1979;131;;;;;;;;104;;;;6;;;
26;PE;1979;297;;;;;;;;346;;;;41;;;
25;PB;1979;71;;;;;;;;74;;;;12;;;
24;RN;1979;46;;;;;;;;40;;;;6;;;
23;CE;1979;85;;;;;;;;128;;;;17;;;
22;PI;1979;7;;;;;;;;12;;;;4;;;
52;GO;1979;163;;;;;;;;125;;;;18;;;
21;MA;1979;34;;;;;;;;30;;;;5;;;
17;TO;1979;0;;;;;;;;0;;;;0;;;
16;AP;1979;5;;;;;;;;7;;;;1;;;
15;PA;1979;117;;;;;;;;127;;;;19;;;
14;RR;1979;2;;;;;;;;2;;;;1;;;
13;AM;1979;55;;;;;;;;80;;;;4;;;
12;AC;1979;13;;;;;;;;14;;;;0;;;
11;RO;1979;50;;;;;;;;35;;;;3;;;
53;DF;1979;28;;;;;;;;49;;;;4;;;
51;MT;1979;2;;;;;;;;4;;;;0;;;
50;MS;1979;62;;;;;;;;52;;;;6;;;
43;RS;1979;193;;;;;;;;226;;;;20;;;
42;SC;1979;79;;;;;;;;70;;;;5;;;
41;PR;1979;379;;;;;;;;276;;;;38;;;
35;SP;1979;570;;;;;;;;1061;;;;135;;;
33;RJ;1979;1726;;;;;;;;1203;;;;69;;;
32;ES;1979;82;;;;;;;;93;;;;11;;;
31;MG;1979;435;;;;;;;;404;;;;73;;;
29;BA;1979;116;;;;;;;;114;;;;17;;;
11;RO;1980;67;;;;;;;;39;;;;4;;;
12;AC;1980;12;;;;;;;;14;;;;2;;;
13;AM;1980;46;;;;;;;;64;;;;9;;;
14;RR;1980;0;;;;;;;;3;;;;2;;;
15;PA;1980;169;;;;;;;;143;;;;19;;;
16;AP;1980;2;;;;;;;;6;;;;0;;;
17;TO;1980;0;;;;;;;;0;;;;0;;;
21;MA;1980;29;;;;;;;;34;;;;7;;;
22;PI;1980;6;;;;;;;;25;;;;3;;;
23;CE;1980;159;;;;;;;;181;;;;11;;;
32;ES;1980;122;;;;;;;;113;;;;16;;;
33;RJ;1980;2093;;;;;;;;1531;;;;104;;;
35;SP;1980;699;;;;;;;;1678;;;;171;;;
41;PR;1980;367;;;;;;;;291;;;;35;;;
42;SC;1980;119;;;;;;;;103;;;;11;;;
43;RS;1980;227;;;;;;;;268;;;;23;;;
50;MS;1980;118;;;;;;;;77;;;;10;;;
51;MT;1980;22;;;;;;;;12;;;;1;;;
52;GO;1980;226;;;;;;;;155;;;;28;;;
53;DF;1980;21;;;;;;;;67;;;;7;;;
24;RN;1980;77;;;;;;;;75;;;;5;;;
25;PB;1980;127;;;;;;;;106;;;;13;;;
26;PE;1980;613;;;;;;;;446;;;;55;;;
27;AL;1980;148;;;;;;;;112;;;;19;;;
28;SE;1980;30;;;;;;;;26;;;;6;;;
29;BA;1980;139;;;;;;;;112;;;;18;;;
31;MG;1980;466;;;;;;;;444;;;;51;;;
23;CE;1981;187;;;;;;;;194;;;;23;;;
53;DF;1981;81;;;;;;;;71;;;;11;;;
52;GO;1981;268;;;;;;;;211;;;;28;;;
51;MT;1981;38;;;;;;;;33;;;;7;;;
50;MS;1981;147;;;;;;;;81;;;;14;;;
43;RS;1981;237;;;;;;;;298;;;;29;;;
42;SC;1981;105;;;;;;;;103;;;;10;;;
41;PR;1981;451;;;;;;;;323;;;;37;;;
35;SP;1981;958;;;;;;;;2166;;;;176;;;
33;RJ;1981;1774;;;;;;;;1247;;;;79;;;
32;ES;1981;130;;;;;;;;149;;;;28;;;
31;MG;1981;374;;;;;;;;410;;;;72;;;
29;BA;1981;124;;;;;;;;113;;;;15;;;
28;SE;1981;36;;;;;;;;32;;;;3;;;
27;AL;1981;190;;;;;;;;121;;;;27;;;
26;PE;1981;758;;;;;;;;567;;;;69;;;
25;PB;1981;133;;;;;;;;114;;;;13;;;
24;RN;1981;80;;;;;;;;67;;;;10;;;
22;PI;1981;23;;;;;;;;25;;;;3;;;
21;MA;1981;54;;;;;;;;58;;;;6;;;
17;TO;1981;0;;;;;;;;0;;;;0;;;
16;AP;1981;4;;;;;;;;9;;;;2;;;
15;PA;1981;171;;;;;;;;144;;;;25;;;
14;RR;1981;2;;;;;;;;8;;;;3;;;
13;AM;1981;52;;;;;;;;73;;;;7;;;
12;AC;1981;8;;;;;;;;13;;;;1;;;
11;RO;1981;67;;;;;;;;39;;;;7;;;
11;RO;1982;79;;;;;;;;26;;;;11;;;
12;AC;1982;18;;;;;;;;16;;;;2;;;
13;AM;1982;58;;;;;;;;68;;;;8;;;
14;RR;1982;1;;;;;;;;10;;;;2;;;
15;PA;1982;176;;;;;;;;150;;;;16;;;
16;AP;1982;8;;;;;;;;9;;;;1;;;
17;TO;1982;0;;;;;;;;0;;;;0;;;
21;MA;1982;62;;;;;;;;60;;;;2;;;
52;GO;1982;226;;;;;;;;211;;;;29;;;
51;MT;1982;24;;;;;;;;17;;;;2;;;
50;MS;1982;154;;;;;;;;93;;;;12;;;
43;RS;1982;256;;;;;;;;305;;;;30;;;
42;SC;1982;86;;;;;;;;83;;;;14;;;
41;PR;1982;488;;;;;;;;404;;;;50;;;
35;SP;1982;926;;;;;;;;2076;;;;177;;;
33;RJ;1982;1575;;;;;;;;1088;;;;70;;;
32;ES;1982;114;;;;;;;;138;;;;12;;;
31;MG;1982;346;;;;;;;;395;;;;61;;;
29;BA;1982;211;;;;;;;;164;;;;36;;;
28;SE;1982;34;;;;;;;;35;;;;6;;;
27;AL;1982;185;;;;;;;;152;;;;15;;;
26;PE;1982;788;;;;;;;;601;;;;49;;;
25;PB;1982;112;;;;;;;;100;;;;16;;;
24;RN;1982;108;;;;;;;;85;;;;5;;;
23;CE;1982;149;;;;;;;;200;;;;14;;;
22;PI;1982;28;;;;;;;;32;;;;4;;;
53;DF;1982;101;;;;;;;;98;;;;6;;;
13;AM;1983;60;;;;;;;;84;;;;6;;;
53;DF;1983;93;;;;;;;;90;;;;12;;;
52;GO;1983;239;;;;;;;;216;;;;34;;;
51;MT;1983;51;;;;;;;;41;;;;4;;;
50;MS;1983;137;;;;;;;;101;;;;11;;;
43;RS;1983;253;;;;;;;;293;;;;21;;;
42;SC;1983;121;;;;;;;;102;;;;23;;;
35;SP;1983;1317;;;;;;;;2916;;;;254;;;
41;PR;1983;550;;;;;;;;398;;;;36;;;
32;ES;1983;118;;;;;;;;135;;;;20;;;
29;BA;1983;154;;;;;;;;126;;;;20;;;
28;SE;1983;42;;;;;;;;34;;;;5;;;
27;AL;1983;267;;;;;;;;203;;;;24;;;
26;PE;1983;965;;;;;;;;699;;;;90;;;
25;PB;1983;120;;;;;;;;137;;;;16;;;
33;RJ;1983;859;;;;;;;;874;;;;70;;;
24;RN;1983;88;;;;;;;;62;;;;7;;;
23;CE;1983;217;;;;;;;;263;;;;22;;;
22;PI;1983;37;;;;;;;;38;;;;0;;;
21;MA;1983;56;;;;;;;;53;;;;5;;;
17;TO;1983;0;;;;;;;;0;;;;0;;;
16;AP;1983;12;;;;;;;;19;;;;4;;;
15;PA;1983;240;;;;;;;;211;;;;34;;;
14;RR;1983;2;;;;;;;;8;;;;1;;;
31;MG;1983;339;;;;;;;;319;;;;61;;;
12;AC;1983;12;;;;;;;;16;;;;3;;;
11;RO;1983;64;;;;;;;;42;;;;7;;;
53;DF;1984;74;;;;;;;;77;;;;9;;;
52;GO;1984;241;;;;;;;;176;;;;28;;;
51;MT;1984;68;;;;;;;;57;;;;6;;;
50;MS;1984;177;;;;;;;;126;;;;20;;;
43;RS;1984;258;;;;;;;;305;;;;37;;;
42;SC;1984;120;;;;;;;;102;;;;12;;;
41;PR;1984;473;;;;;;;;429;;;;48;;;
35;SP;1984;1864;;;;;;;;3789;;;;274;;;
33;RJ;1984;1315;;;;;;;;1145;;;;85;;;
32;ES;1984;151;;;;;;;;143;;;;21;;;
31;MG;1984;437;;;;;;;;379;;;;69;;;
29;BA;1984;248;;;;;;;;186;;;;28;;;
28;SE;1984;23;;;;;;;;16;;;;2;;;
27;AL;1984;304;;;;;;;;185;;;;18;;;
26;PE;1984;1154;;;;;;;;801;;;;66;;;
25;PB;1984;147;;;;;;;;135;;;;10;;;
24;RN;1984;67;;;;;;;;62;;;;3;;;
23;CE;1984;196;;;;;;;;274;;;;16;;;
22;PI;1984;36;;;;;;;;34;;;;4;;;
21;MA;1984;84;;;;;;;;62;;;;6;;;
11;RO;1984;106;;;;;;;;80;;;;5;;;
17;TO;1984;0;;;;;;;;0;;;;0;;;
16;AP;1984;12;;;;;;;;14;;;;3;;;
15;PA;1984;296;;;;;;;;212;;;;24;;;
14;RR;1984;0;;;;;;;;9;;;;1;;;
13;AM;1984;83;;;;;;;;110;;;;10;;;
12;AC;1984;13;;;;;;;;13;;;;3;;;
16;AP;1985;15;;;;;;;;16;;;;2;;;
11;RO;1985;174;;;;;;;;104;;;;13;;;
12;AC;1985;23;;;;;;;;27;;;;2;;;
13;AM;1985;85;;;;;;;;84;;;;9;;;
14;RR;1985;3;;;;;;;;3;;;;0;;;
15;PA;1985;265;;;;;;;;200;;;;16;;;
17;TO;1985;0;;;;;;;;0;;;;0;;;
21;MA;1985;74;;;;;;;;45;;;;7;;;
22;PI;1985;23;;;;;;;;22;;;;4;;;
23;CE;1985;163;;;;;;;;221;;;;20;;;
24;RN;1985;68;;;;;;;;62;;;;5;;;
25;PB;1985;140;;;;;;;;160;;;;21;;;
26;PE;1985;1310;;;;;;;;930;;;;77;;;
27;AL;1985;281;;;;;;;;173;;;;34;;;
28;SE;1985;33;;;;;;;;22;;;;5;;;
29;BA;1985;254;;;;;;;;216;;;;27;;;
31;MG;1985;382;;;;;;;;384;;;;66;;;
32;ES;1985;209;;;;;;;;168;;;;18;;;
33;RJ;1985;1460;;;;;;;;1277;;;;78;;;
35;SP;1985;2010;;;;;;;;3883;;;;279;;;
41;PR;1985;440;;;;;;;;338;;;;46;;;
42;SC;1985;116;;;;;;;;103;;;;16;;;
43;RS;1985;219;;;;;;;;283;;;;37;;;
50;MS;1985;123;;;;;;;;92;;;;9;;;
51;MT;1985;118;;;;;;;;81;;;;17;;;
52;GO;1985;211;;;;;;;;187;;;;33;;;
53;DF;1985;150;;;;;;;;131;;;;12;;;
51;MT;1986;172;;;;;;;;110;;;;15;;;
50;MS;1986;136;;;;;;;;111;;;;16;;;
43;RS;1986;309;;;;;;;;321;;;;31;;;
11;RO;1986;216;;;;;;;;133;;;;11;;;
53;DF;1986;148;;;;;;;;121;;;;16;;;
52;GO;1986;285;;;;;;;;203;;;;32;;;
12;AC;1986;25;;;;;;;;24;;;;2;;;
42;SC;1986;105;;;;;;;;100;;;;5;;;
41;PR;1986;396;;;;;;;;377;;;;36;;;
35;SP;1986;2126;;;;;;;;4070;;;;277;;;
33;RJ;1986;1399;;;;;;;;1243;;;;90;;;
32;ES;1986;205;;;;;;;;192;;;;22;;;
31;MG;1986;379;;;;;;;;378;;;;54;;;
29;BA;1986;284;;;;;;;;206;;;;28;;;
28;SE;1986;33;;;;;;;;22;;;;5;;;
27;AL;1986;282;;;;;;;;197;;;;19;;;
26;PE;1986;1400;;;;;;;;966;;;;64;;;
25;PB;1986;195;;;;;;;;179;;;;29;;;
24;RN;1986;49;;;;;;;;39;;;;1;;;
23;CE;1986;143;;;;;;;;230;;;;27;;;
22;PI;1986;26;;;;;;;;31;;;;2;;;
21;MA;1986;104;;;;;;;;107;;;;8;;;
17;TO;1986;0;;;;;;;;0;;;;0;;;
16;AP;1986;7;;;;;;;;15;;;;2;;;
15;PA;1986;301;;;;;;;;226;;;;28;;;
14;RR;1986;3;;;;;;;;8;;;;1;;;
13;AM;1986;75;;;;;;;;89;;;;5;;;
23;CE;1987;141;;;;;;;;186;;;;14;;;
22;PI;1987;29;;;;;;;;33;;;;1;;;
53;DF;1987;211;;;;;;;;155;;;;19;;;
52;GO;1987;304;;;;;;;;236;;;;42;;;
51;MT;1987;185;;;;;;;;124;;;;14;;;
50;MS;1987;173;;;;;;;;97;;;;12;;;
43;RS;1987;335;;;;;;;;347;;;;34;;;
42;SC;1987;151;;;;;;;;117;;;;15;;;
41;PR;1987;450;;;;;;;;354;;;;46;;;
35;SP;1987;2379;;;;;;;;4357;;;;287;;;
21;MA;1987;116;;;;;;;;110;;;;5;;;
17;TO;1987;0;;;;;;;;0;;;;0;;;
16;AP;1987;9;;;;;;;;9;;;;4;;;
15;PA;1987;310;;;;;;;;196;;;;22;;;
14;RR;1987;0;;;;;;;;3;;;;2;;;
13;AM;1987;101;;;;;;;;103;;;;9;;;
12;AC;1987;51;;;;;;;;42;;;;9;;;
11;RO;1987;218;;;;;;;;148;;;;14;;;
33;RJ;1987;2680;;;;;;;;1977;;;;96;;;
32;ES;1987;232;;;;;;;;206;;;;21;;;
31;MG;1987;340;;;;;;;;378;;;;56;;;
29;BA;1987;294;;;;;;;;258;;;;21;;;
28;SE;1987;22;;;;;;;;23;;;;1;;;
27;AL;1987;274;;;;;;;;213;;;;29;;;
26;PE;1987;1482;;;;;;;;1045;;;;65;;;
25;PB;1987;149;;;;;;;;149;;;;21;;;
24;RN;1987;81;;;;;;;;55;;;;5;;;
25;PB;1988;156;;;;;;;;155;;;;25;;;
53;DF;1988;161;;;;;;;;160;;;;11;;;
52;GO;1988;400;;;;;;;;285;;;;41;;;
51;MT;1988;188;;;;;;;;138;;;;9;;;
50;MS;1988;172;;;;;;;;113;;;;12;;;
43;RS;1988;510;;;;;;;;501;;;;45;;;
42;SC;1988;155;;;;;;;;115;;;;17;;;
41;PR;1988;455;;;;;;;;410;;;;51;;;
35;SP;1988;2438;;;;;;;;4048;;;;277;;;
33;RJ;1988;2028;;;;;;;;1528;;;;91;;;
24;RN;1988;91;;;;;;;;82;;;;8;;;
11;RO;1988;210;;;;;;;;144;;;;21;;;
12;AC;1988;43;;;;;;;;31;;;;3;;;
13;AM;1988;106;;;;;;;;110;;;;15;;;
14;RR;1988;2;;;;;;;;21;;;;5;;;
15;PA;1988;337;;;;;;;;237;;;;25;;;
16;AP;1988;5;;;;;;;;12;;;;0;;;
17;TO;1988;0;;;;;;;;0;;;;0;;;
21;MA;1988;141;;;;;;;;122;;;;7;;;
22;PI;1988;38;;;;;;;;49;;;;4;;;
23;CE;1988;175;;;;;;;;228;;;;16;;;
32;ES;1988;265;;;;;;;;266;;;;32;;;
31;MG;1988;347;;;;;;;;388;;;;60;;;
29;BA;1988;429;;;;;;;;390;;;;35;;;
28;SE;1988;31;;;;;;;;25;;;;2;;;
27;AL;1988;342;;;;;;;;281;;;;24;;;
26;PE;1988;1510;;;;;;;;1046;;;;62;;;
33;RJ;1989;2942;2772.0;3980.0;2310.0;167.0;;;304.0;2170;1722.0;;4290.0;140;;;
32;ES;1989;395;361.0;763.0;349.0;29.0;;;75.0;320;180.0;;845.0;29;;;
23;CE;1989;216;203.0;560.0;299.0;13.0;;;47.0;286;121.0;;607.0;13;;;
24;RN;1989;124;121.0;222.0;113.0;3.0;;;14.0;108;69.0;;236.0;5;;;
25;PB;1989;222;201.0;409.0;193.0;21.0;;;52.0;169;102.0;;461.0;24;;;
26;PE;1989;1698;1607.0;2379.0;1326.0;91.0;;;173.0;1235;943.0;;2553.0;90;;;
27;AL;1989;331;310.0;739.0;339.0;21.0;;;66.0;310;143.0;;805.0;29;;;
28;SE;1989;71;66.0;124.0;64.0;5.0;;;15.0;59;3946.0;;139.0;5;;;
29;BA;1989;591;562.0;1000.0;574.0;23.0;;;80.0;527;327.0;;1086.0;46;;;
31;MG;1989;432;384.0;1047.0;546.0;47.0;;;168.0;479;223.0;;1216.0;67;;;
11;RO;1989;285;260.0;443.0;188.0;25.0;;;47.0;161;114.0;;490.0;27;;;
22;PI;1989;60;53.0;125.0;68.0;7.0;;;17.0;60;30.0;;142.0;8;;;
21;MA;1989;176;166.0;382.0;174.0;10.0;;;28.0;160;82.0;;411.0;13;;;
17;TO;1989;36;30.0;49.0;22.0;6.0;;;14.0;15;13.0;;63.0;7;;;
16;AP;1989;20;19.0;36.0;29.0;1.0;;;3.0;27;13.0;;39.0;2;;;
15;PA;1989;356;328.0;615.0;303.0;28.0;;;51.0;276;165.0;;666.0;27;;;
14;RR;1989;1;1.0;100.0;61.0;0.0;;;12.0;53;1.0;;113.0;8;;;
13;AM;1989;146;136.0;289.0;161.0;9.0;;;31.0;141;82.0;;321.0;20;;;
12;AC;1989;48;45.0;89.0;56.0;3.0;;;6.0;52;28.0;;95.0;4;;;
53;DF;1989;182;177.0;308.0;185.0;5.0;;;23.0;177;116.0;;331.0;8;;;
52;GO;1989;471;426.0;717.0;344.0;44.0;;;91.0;302;223.0;;810.0;41;;;
51;MT;1989;207;199.0;440.0;180.0;8.0;;;31.0;165;82.0;;471.0;15;;;
50;MS;1989;197;175.0;330.0;168.0;20.0;;;39.0;147;95.0;;371.0;21;;;
43;RS;1989;796;755.0;1419.0;806.0;41.0;;;142.0;744;447.0;;1561.0;62;;;
42;SC;1989;157;142.0;315.0;168.0;15.0;;;39.0;153;82.0;;354.0;15;;;
41;PR;1989;498;457.0;1004.0;501.0;39.0;;;105.0;455;255.0;;1112.0;45;;;
35;SP;1989;2822;2668.0;8508.0;5522.0;154.0;;;671.0;5186;1821.0;;9179.0;336;;;
35;SP;1990;2969;2784.0;8824.0;5640.0;185.0;;;679.0;5300;1861.0;;9503.0;340;;;
32;ES;1990;419;382.0;791.0;384.0;37.0;;;88.0;344;215.0;;881.0;40;;;
31;MG;1990;494;444.0;1029.0;520.0;50.0;;;148.0;457;240.0;;1178.0;63;;;
29;BA;1990;523;486.0;782.0;437.0;31.0;;;77.0;406;289.0;;867.0;30;;;
28;SE;1990;75;69.0;138.0;88.0;6.0;;;13.0;80;5488.0;;151.0;8;;;
27;AL;1990;273;261.0;663.0;284.0;12.0;;;55.0;263;116.0;;719.0;20;;;
26;PE;1990;1728;1616.0;2522.0;1377.0;111.0;;;219.0;1275;955.0;;2742.0;101;;;
25;PB;1990;224;206.0;399.0;185.0;18.0;;;41.0;172;95.0;;440.0;13;;;
24;RN;1990;117;108.0;180.0;92.0;9.0;;;20.0;85;58.0;;200.0;7;;;
23;CE;1990;242;219.0;510.0;253.0;23.0;;;45.0;230;126.0;;555.0;23;;;
22;PI;1990;33;32.0;104.0;52.0;1.0;;;5.0;50;16.0;;109.0;2;;;
21;MA;1990;194;180.0;410.0;199.0;14.0;;;32.0;182;86.0;;442.0;17;;;
17;TO;1990;25;21.0;47.0;22.0;4.0;;;7.0;19;10.0;;54.0;3;;;
16;AP;1990;17;14.0;40.0;22.0;2.0;;;5.0;18;11.0;;46.0;3;;;
15;PA;1990;459;424.0;669.0;376.0;35.0;;;78.0;337;242.0;;748.0;39;;;
14;RR;1990;9;8.0;107.0;63.0;1.0;;;20.0;52;3.0;;127.0;11;;;
13;AM;1990;201;184.0;332.0;207.0;14.0;;;31.0;193;119.0;;367.0;14;;;
12;AC;1990;33;29.0;58.0;33.0;4.0;;;6.0;29;18.0;;64.0;4;;;
11;RO;1990;293;278.0;517.0;223.0;14.0;;;37.0;202;130.0;;555.0;21;;;
53;DF;1990;278;259.0;423.0;251.0;19.0;;;40.0;234;159.0;;463.0;17;;;
52;GO;1990;380;349.0;620.0;309.0;29.0;;;58.0;277;180.0;;681.0;32;;;
51;MT;1990;180;164.0;376.0;155.0;16.0;;;39.0;139;66.0;;415.0;16;;;
50;MS;1990;162;146.0;306.0;156.0;16.0;;;40.0;137;72.0;;348.0;19;;;
43;RS;1990;998;917.0;1547.0;886.0;81.0;;;157.0;826;551.0;;1704.0;60;;;
42;SC;1990;167;150.0;341.0;158.0;17.0;;;46.0;140;77.0;;388.0;18;;;
41;PR;1990;538;488.0;1041.0;537.0;50.0;;;125.0;483;279.0;;1167.0;54;;;
33;RJ;1990;5557;5236.0;6614.0;3833.0;312.0;;;477.0;3616;3172.0;;7101.0;215;;;
14;RR;1991;18;15.0;70.0;33.0;3.0;;;9.0;28;9.0;;79.0;5;;;
11;RO;1991;265;247.0;455.0;196.0;17.0;;;33.0;184;108.0;;491.0;11;;;
12;AC;1991;63;56.0;97.0;59.0;7.0;;;9.0;53;38.0;;106.0;6;;;
13;AM;1991;233;222.0;384.0;241.0;11.0;;;18.0;231;141.0;;403.0;10;;;
15;PA;1991;491;448.0;737.0;380.0;42.0;;;72.0;344;232.0;;810.0;36;;;
16;AP;1991;19;17.0;49.0;30.0;2.0;;;5.0;28;9.0;;54.0;2;;;
17;TO;1991;46;43.0;83.0;33.0;3.0;;;9.0;30;17.0;;92.0;3;;;
21;MA;1991;203;182.0;416.0;227.0;21.0;;;54.0;200;118.0;;470.0;27;;;
22;PI;1991;31;28.0;92.0;43.0;3.0;;;11.0;37;15.0;;103.0;6;;;
23;CE;1991;242;227.0;554.0;303.0;15.0;;;53.0;281;139.0;;607.0;22;;;
24;RN;1991;109;103.0;202.0;119.0;6.0;;;17.0;110;65.0;;219.0;9;;;
25;PB;1991;180;158.0;361.0;183.0;22.0;;;40.0;170;79.0;;401.0;13;;;
26;PE;1991;2008;1878.0;2706.0;1426.0;125.0;;;232.0;1325;1046.0;;2944.0;100;;;
27;AL;1991;257;234.0;590.0;239.0;18.0;;;67.0;219;99.0;;665.0;19;;;
28;SE;1991;179;168.0;287.0;131.0;8.0;;;21.0;118;4677.0;;317.0;13;;;
29;BA;1991;266;245.0;528.0;266.0;20.0;;;64.0;236;128.0;;596.0;29;;;
31;MG;1991;516;472.0;1071.0;541.0;43.0;;;159.0;480;269.0;;1232.0;60;;;
32;ES;1991;473;440.0;872.0;413.0;32.0;;;95.0;377;229.0;;968.0;36;;;
33;RJ;1991;3979;3736.0;4672.0;2640.0;235.0;;;370.0;2484;2207.0;;5055.0;154;;;
35;SP;1991;3138;2912.0;8896.0;5601.0;226.0;;;789.0;5227;1972.0;;9685.0;374;;;
41;PR;1991;562;510.0;1073.0;519.0;52.0;;;149.0;459;266.0;;1225.0;60;;;
42;SC;1991;165;148.0;317.0;147.0;17.0;;;38.0;131;82.0;;355.0;16;;;
43;RS;1991;1117;1031.0;1538.0;823.0;86.0;;;156.0;755;573.0;;1694.0;68;;;
50;MS;1991;218;191.0;338.0;167.0;24.0;;;47.0;142;106.0;;388.0;24;;;
51;MT;1991;227;201.0;403.0;172.0;26.0;;;49.0;146;98.0;;452.0;26;;;
52;GO;1991;440;396.0;741.0;397.0;44.0;;;110.0;346;222.0;;852.0;51;;;
53;DF;1991;314;291.0;437.0;293.0;23.0;;;52.0;272;209.0;;489.0;21;;;
28;SE;1992;312;295.0;420.0;212.0;7.0;;;28.0;199;4164.0;;461.0;9;;;
29;BA;1992;428;401.0;758.0;405.0;26.0;;;79.0;369;237.0;;840.0;36;;;
31;MG;1992;488;435.0;972.0;481.0;51.0;;;154.0;418;231.0;;1131.0;62;;;
32;ES;1992;381;349.0;751.0;361.0;31.0;;;85.0;322;196.0;;839.0;39;;;
33;RJ;1992;3580;3358.0;4212.0;2257.0;219.0;;;319.0;2132;1896.0;;4536.0;125;;;
35;SP;1992;2955;2794.0;8472.0;5285.0;161.0;;;644.0;5002;1841.0;;9116.0;283;;;
11;RO;1992;229;215.0;360.0;140.0;14.0;;;35.0;121;89.0;;395.0;19;;;
12;AC;1992;53;46.0;94.0;61.0;7.0;;;13.0;51;34.0;;107.0;10;;;
13;AM;1992;168;157.0;321.0;178.0;7.0;;;26.0;170;81.0;;351.0;8;;;
14;RR;1992;52;47.0;86.0;47.0;5.0;;;9.0;43;23.0;;95.0;4;;;
15;PA;1992;468;436.0;701.0;353.0;31.0;;;56.0;325;221.0;;759.0;27;;;
16;AP;1992;38;35.0;69.0;43.0;3.0;;;4.0;41;24.0;;73.0;2;;;
17;TO;1992;40;37.0;60.0;23.0;3.0;;;5.0;21;14.0;;67.0;2;;;
21;MA;1992;209;192.0;395.0;162.0;15.0;;;30.0;149;74.0;;427.0;13;;;
22;PI;1992;30;28.0;82.0;41.0;2.0;;;10.0;37;15.0;;92.0;4;;;
41;PR;1992;554;507.0;971.0;486.0;47.0;;;116.0;440;269.0;;1092.0;42;;;
42;SC;1992;151;141.0;311.0;157.0;10.0;;;50.0;145;74.0;;361.0;12;;;
43;RS;1992;1035;934.0;1409.0;740.0;101.0;;;161.0;678;516.0;;1570.0;62;;;
50;MS;1992;235;206.0;365.0;181.0;29.0;;;58.0;153;107.0;;423.0;28;;;
51;MT;1992;158;144.0;316.0;144.0;11.0;;;35.0;126;70.0;;355.0;17;;;
52;GO;1992;417;361.0;703.0;340.0;56.0;;;125.0;288;189.0;;828.0;52;;;
53;DF;1992;271;255.0;384.0;245.0;16.0;;;40.0;231;172.0;;424.0;14;;;
23;CE;1992;202;187.0;493.0;265.0;14.0;;;42.0;244;102.0;;537.0;20;;;
24;RN;1992;110;101.0;184.0;92.0;9.0;;;15.0;85;57.0;;199.0;7;;;
26;PE;1992;1719;1621.0;2352.0;1093.0;93.0;;;171.0;1013;794.0;;2531.0;75;;;
25;PB;1992;218;194.0;319.0;165.0;24.0;;;36.0;150;101.0;;355.0;15;;;
27;AL;1992;284;267.0;538.0;243.0;17.0;;;53.0;219;131.0;;591.0;24;;;
53;DF;1993;362;335.0;503.0;319.0;27.0;;;49.0;296;234.0;;553.0;23;;;
11;RO;1993;280;256.0;439.0;208.0;24.0;;;55.0;183;125.0;;498.0;23;;;
12;AC;1993;61;55.0;101.0;66.0;5.0;;;12.0;62;36.0;;116.0;3;;;
13;AM;1993;172;161.0;316.0;186.0;10.0;;;33.0;169;96.0;;350.0;17;;;
14;RR;1993;43;39.0;63.0;26.0;3.0;;;4.0;22;16.0;;69.0;3;;;
15;PA;1993;365;345.0;577.0;290.0;20.0;;;46.0;269;169.0;;623.0;21;;;
16;AP;1993;39;37.0;61.0;36.0;2.0;;;5.0;34;26.0;;66.0;2;;;
17;TO;1993;27;24.0;81.0;37.0;3.0;;;12.0;30;12.0;;93.0;7;;;
21;MA;1993;173;161.0;359.0;165.0;10.0;;;33.0;150;68.0;;394.0;15;;;
22;PI;1993;30;26.0;104.0;55.0;4.0;;;13.0;47;19.0;;117.0;8;;;
23;CE;1993;270;249.0;640.0;360.0;21.0;;;61.0;330;164.0;;702.0;30;;;
24;RN;1993;151;137.0;222.0;128.0;14.0;;;21.0;119;81.0;;243.0;9;;;
25;PB;1993;205;192.0;337.0;168.0;13.0;;;26.0;157;94.0;;365.0;10;;;
26;PE;1993;1893;1774.0;2543.0;1416.0;118.0;;;218.0;1318;1090.0;;2763.0;96;;;
27;AL;1993;351;322.0;569.0;238.0;29.0;;;50.0;223;147.0;;619.0;15;;;
28;SE;1993;165;155.0;286.0;159.0;10.0;;;25.0;151;5077.0;;312.0;8;;;
29;BA;1993;1013;945.0;1364.0;825.0;54.0;;;120.0;775;618.0;;1503.0;46;;;
31;MG;1993;535;466.0;1028.0;533.0;68.0;;;181.0;472;281.0;;1211.0;61;;;
32;ES;1993;555;522.0;995.0;516.0;33.0;;;101.0;466;295.0;;1098.0;50;;;
33;RJ;1993;4326;4062.0;4972.0;2557.0;256.0;;;381.0;2431;2197.0;;5367.0;124;;;
35;SP;1993;3683;3451.0;8498.0;5183.0;232.0;;;726.0;4858;2304.0;;9224.0;325;;;
41;PR;1993;639;586.0;1099.0;567.0;53.0;;;138.0;505;320.0;;1237.0;62;;;
42;SC;1993;175;163.0;337.0;159.0;12.0;;;34.0;146;81.0;;371.0;13;;;
50;MS;1993;257;236.0;413.0;180.0;18.0;;;39.0;165;113.0;;457.0;14;;;
51;MT;1993;170;159.0;325.0;158.0;11.0;;;31.0;138;81.0;;356.0;20;;;
52;GO;1993;375;327.0;636.0;317.0;47.0;;;96.0;266;188.0;;734.0;51;;;
43;RS;1993;687;637.0;1064.0;565.0;50.0;;;113.0;516;369.0;;1177.0;49;;;
15;PA;1994;413;377.0;657.0;362.0;36.0;;;59.0;333;217.0;;716.0;29;;;
16;AP;1994;53;49.0;109.0;69.0;4.0;;;16.0;63;33.0;;125.0;6;;;
17;TO;1994;30;25.0;95.0;50.0;5.0;;;13.0;42;12.0;;109.0;8;;;
21;MA;1994;121;114.0;289.0;136.0;6.0;;;24.0;130;65.0;;314.0;6;;;
22;PI;1994;32;31.0;89.0;54.0;1.0;;;10.0;49;19.0;;99.0;5;;;
13;AM;1994;184;171.0;359.0;231.0;13.0;;;27.0;218;110.0;;387.0;13;;;
51;MT;1994;145;138.0;296.0;113.0;7.0;;;20.0;109;56.0;;316.0;4;;;
11;RO;1994;221;202.0;360.0;169.0;17.0;;;37.0;153;95.0;;399.0;16;;;
12;AC;1994;41;36.0;77.0;48.0;5.0;;;11.0;43;23.0;;88.0;5;;;
52;GO;1994;442;401.0;681.0;363.0;41.0;;;93.0;327;227.0;;774.0;36;;;
53;DF;1994;387;354.0;505.0;322.0;33.0;;;50.0;301;250.0;;556.0;21;;;
23;CE;1994;260;238.0;573.0;308.0;21.0;;;59.0;284;123.0;;636.0;22;;;
24;RN;1994;117;111.0;191.0;107.0;6.0;;;19.0;99;66.0;;211.0;7;;;
25;PB;1994;188;172.0;354.0;204.0;16.0;;;28.0;193;98.0;;385.0;9;;;
26;PE;1994;1897;1784.0;2399.0;1381.0;113.0;;;191.0;1300;1068.0;;2593.0;80;;;
27;AL;1994;384;360.0;567.0;257.0;24.0;;;48.0;236;166.0;;615.0;21;;;
28;SE;1994;213;190.0;307.0;181.0;21.0;;;32.0;167;5980.0;;344.0;14;;;
29;BA;1994;1164;1073.0;1551.0;963.0;88.0;;;180.0;880;716.0;;1739.0;82;;;
31;MG;1994;460;409.0;941.0;525.0;50.0;;;170.0;448;256.0;;1118.0;74;;;
32;ES;1994;596;549.0;1053.0;517.0;46.0;;;108.0;476;300.0;;1166.0;41;;;
33;RJ;1994;5430;5080.0;5922.0;3091.0;344.0;;;491.0;2909;2779.0;;6420.0;181;;;
35;SP;1994;4127;3868.0;9194.0;5915.0;259.0;;;787.0;5546;2645.0;;9981.0;369;;;
41;PR;1994;708;650.0;1130.0;570.0;58.0;;;130.0;516;356.0;;1260.0;54;;;
42;SC;1994;154;145.0;301.0;150.0;9.0;;;45.0;131;71.0;;346.0;19;;;
43;RS;1994;790;720.0;1196.0;644.0;70.0;;;138.0;588;426.0;;1334.0;56;;;
50;MS;1994;283;264.0;472.0;233.0;19.0;;;48.0;208;138.0;;522.0;24;;;
14;RR;1994;49;47.0;72.0;31.0;2.0;;;6.0;29;18.0;;78.0;2;;;
33;RJ;1995;6659;6240.0;7617.0;4129.0;408.0;;;587.0;3914;3567.0;;8218.0;214;;;
51;MT;1995;322;297.0;516.0;214.0;25.0;;;66.0;181;112.0;;583.0;33;;;
53;DF;1995;444;417.0;572.0;358.0;27.0;;;57.0;329;288.0;;629.0;29;;;
52;GO;1995;439;376.0;652.0;345.0;61.0;;;129.0;291;208.0;;784.0;54;;;
50;MS;1995;411;388.0;582.0;283.0;22.0;;;51.0;264;208.0;;636.0;18;;;
43;RS;1995;973;884.0;1288.0;668.0;89.0;;;151.0;604;494.0;;1439.0;64;;;
42;SC;1995;218;197.0;372.0;175.0;21.0;;;48.0;155;94.0;;420.0;20;;;
41;PR;1995;827;748.0;1223.0;666.0;79.0;;;163.0;595;445.0;;1387.0;71;;;
35;SP;1995;5159;4791.0;10596.0;6486.0;368.0;;;959.0;6030;3094.0;;11555.0;456;;;
32;ES;1995;610;557.0;1031.0;569.0;53.0;;;123.0;512;347.0;;1154.0;57;;;
31;MG;1995;607;558.0;1057.0;566.0;46.0;;;145.0;511;325.0;;1214.0;52;;;
29;BA;1995;1067;978.0;1360.0;783.0;79.0;;;165.0;723;604.0;;1536.0;57;;;
28;SE;1995;132;121.0;227.0;124.0;10.0;;;27.0;113;7333.0;;255.0;11;;;
27;AL;1995;485;447.0;680.0;291.0;38.0;;;62.0;262;203.0;;742.0;29;;;
26;PE;1995;2073;1942.0;2498.0;1372.0;128.0;;;205.0;1274;1127.0;;2706.0;96;;;
25;PB;1995;239;210.0;391.0;235.0;29.0;;;66.0;198;131.0;;457.0;37;;;
24;RN;1995;142;127.0;217.0;106.0;15.0;;;30.0;97;66.0;;247.0;9;;;
23;CE;1995;359;341.0;790.0;424.0;18.0;;;55.0;406;195.0;;845.0;18;;;
22;PI;1995;47;40.0;95.0;53.0;7.0;;;19.0;44;28.0;;114.0;9;;;
21;MA;1995;163;152.0;344.0;173.0;10.0;;;40.0;154;79.0;;385.0;19;;;
17;TO;1995;35;32.0;72.0;39.0;3.0;;;5.0;35;15.0;;77.0;4;;;
16;AP;1995;57;54.0;113.0;72.0;3.0;;;11.0;70;34.0;;124.0;2;;;
15;PA;1995;387;362.0;641.0;321.0;25.0;;;59.0;300;183.0;;700.0;21;;;
14;RR;1995;50;49.0;79.0;46.0;1.0;;;8.0;41;28.0;;87.0;5;;;
13;AM;1995;184;170.0;383.0;242.0;14.0;;;42.0;221;113.0;;425.0;21;;;
12;AC;1995;57;48.0;86.0;52.0;9.0;;;16.0;47;32.0;;103.0;5;;;
11;RO;1995;160;147.0;292.0;132.0;12.0;;;37.0;122;79.0;;330.0;10;;;
53;DF;1996;435;402.0;562.0;335.0;32.0;0.0;0.0;52.0;308;268.0;0.0;615.0;27;0.0;0.0;0.0
11;RO;1996;196;171.0;256.0;105.0;24.0;0.0;0.0;43.0;89;69.0;0.0;301.0;16;0.0;0.0;0.0
12;AC;1996;61;56.0;89.0;49.0;5.0;0.0;1.0;15.0;42;28.0;0.0;104.0;7;1.0;0.0;0.0
13;AM;1996;220;204.0;417.0;261.0;16.0;0.0;0.0;33.0;245;132.0;0.0;450.0;16;0.0;0.0;0.0
14;RR;1996;50;45.0;89.0;51.0;5.0;0.0;0.0;18.0;42;22.0;0.0;107.0;9;0.0;0.0;0.0
15;PA;1996;349;318.0;622.0;348.0;31.0;0.0;1.0;78.0;310;174.0;0.0;700.0;38;1.0;0.0;0.0
16;AP;1996;89;80.0;141.0;91.0;9.0;0.0;0.0;16.0;80;54.0;0.0;157.0;11;0.0;0.0;0.0
17;TO;1996;49;43.0;105.0;53.0;6.0;0.0;0.0;21.0;48;23.0;0.0;126.0;5;0.0;0.0;0.0
21;MA;1996;187;174.0;330.0;162.0;12.0;0.0;0.0;31.0;148;88.0;0.0;363.0;14;0.0;0.0;0.0
22;PI;1996;40;38.0;102.0;50.0;2.0;0.0;0.0;14.0;48;20.0;0.0;117.0;2;0.0;0.0;0.0
23;CE;1996;351;320.0;793.0;443.0;29.0;0.0;0.0;84.0;405;192.0;0.0;885.0;36;0.0;0.0;0.0
24;RN;1996;143;131.0;206.0;113.0;12.0;0.0;0.0;35.0;98;69.0;0.0;241.0;15;0.0;0.0;0.0
25;PB;1996;275;234.0;530.0;302.0;41.0;0.0;0.0;106.0;259;148.0;0.0;636.0;43;0.0;0.0;0.0
26;PE;1996;2325;2172.0;2773.0;1529.0;150.0;0.0;1.0;245.0;1442;1272.0;0.0;3022.0;84;1.0;0.0;0.0
27;AL;1996;515;472.0;671.0;327.0;43.0;0.0;0.0;70.0;295;233.0;0.0;741.0;32;0.0;0.0;0.0
28;SE;1996;152;137.0;207.0;121.0;14.0;0.0;0.0;30.0;108;7017.0;0.0;238.0;13;0.0;0.0;0.0
29;BA;1996;1488;1368.0;1707.0;1001.0;120.0;0.0;0.0;176.0;918;854.0;0.0;1883.0;83;0.0;0.0;0.0
31;MG;1996;647;559.0;1075.0;579.0;87.0;0.0;2.0;185.0;501;336.0;0.0;1261.0;77;2.0;0.0;0.0
32;ES;1996;661;597.0;1067.0;573.0;63.0;0.0;0.0;123.0;518;351.0;0.0;1191.0;54;0.0;0.0;0.0
33;RJ;1996;6017;5581.0;7369.0;3998.0;428.0;0.0;1.0;651.0;3747;3157.0;0.0;8034.0;248;1.0;0.0;0.0
35;SP;1996;5365;5022.0;11361.0;6808.0;343.0;24.0;1696.0;959.0;6377;3173.0;335.0;12320.0;431;1553.0;359.0;143.0
41;PR;1996;787;714.0;1225.0;676.0;73.0;0.0;0.0;154.0;599;438.0;0.0;1379.0;77;0.0;0.0;0.0
42;SC;1996;213;187.0;345.0;182.0;26.0;0.0;1.0;67.0;154;108.0;0.0;412.0;28;1.0;0.0;0.0
43;RS;1996;997;886.0;1290.0;677.0;111.0;0.0;0.0;192.0;593;492.0;0.0;1482.0;84;0.0;0.0;0.0
50;MS;1996;468;418.0;642.0;318.0;49.0;0.0;0.0;79.0;285;223.0;0.0;722.0;33;0.0;0.0;0.0
51;MT;1996;427;386.0;568.0;269.0;38.0;0.0;0.0;87.0;229;196.0;0.0;660.0;39;0.0;0.0;0.0
52;GO;1996;469;403.0;663.0;346.0;66.0;0.0;0.0;119.0;291;223.0;0.0;782.0;55;0.0;0.0;0.0
43;RS;1997;1147;1029.0;1458.0;765.0;118.0;23.0;1225.0;190.0;694;580.0;232.0;1648.0;71;1081.0;255.0;144.0
11;RO;1997;206;186.0;322.0;154.0;20.0;4.0;40.0;33.0;137;92.0;47.0;355.0;17;32.0;51.0;8.0
12;AC;1997;55;49.0;86.0;59.0;6.0;3.0;7.0;14.0;55;37.0;3.0;100.0;4;7.0;6.0;0.0
13;AM;1997;202;187.0;433.0;277.0;13.0;25.0;40.0;33.0;257;124.0;353.0;468.0;19;36.0;380.0;4.0
14;RR;1997;40;37.0;80.0;42.0;3.0;2.0;6.0;10.0;37;23.0;13.0;90.0;5;5.0;15.0;1.0
15;PA;1997;407;371.0;678.0;386.0;36.0;23.0;30.0;76.0;359;211.0;237.0;754.0;27;28.0;260.0;2.0
16;AP;1997;57;51.0;128.0;85.0;6.0;7.0;15.0;12.0;80;31.0;73.0;140.0;5;13.0;80.0;2.0
17;TO;1997;50;46.0;93.0;47.0;4.0;4.0;24.0;19.0;40;26.0;29.0;112.0;7;21.0;33.0;3.0
21;MA;1997;148;127.0;285.0;149.0;19.0;18.0;41.0;46.0;132;71.0;170.0;333.0;17;33.0;189.0;8.0
22;PI;1997;46;42.0;129.0;72.0;4.0;8.0;16.0;13.0;68;19.0;76.0;142.0;4;13.0;84.0;3.0
23;CE;1997;448;417.0;941.0;495.0;31.0;20.0;62.0;85.0;462;250.0;278.0;1026.0;33;55.0;298.0;7.0
24;RN;1997;153;139.0;208.0;124.0;14.0;10.0;66.0;27.0;114;89.0;118.0;235.0;10;54.0;128.0;12.0
25;PB;1997;327;299.0;449.0;247.0;27.0;8.0;27.0;42.0;225;166.0;67.0;492.0;21;26.0;75.0;1.0
26;PE;1997;3000;2850.0;3463.0;2057.0;145.0;37.0;347.0;243.0;1954;1779.0;586.0;3713.0;98;313.0;624.0;33.0
27;AL;1997;479;436.0;580.0;258.0;43.0;8.0;47.0;62.0;225;196.0;124.0;642.0;33;43.0;132.0;4.0
28;SE;1997;117;109.0;172.0;106.0;8.0;3.0;17.0;18.0;97;7600.0;47.0;190.0;9;14.0;50.0;3.0
29;BA;1997;1426;1328.0;1805.0;1093.0;98.0;11.0;18.0;175.0;1013;850.0;120.0;1981.0;80;14.0;131.0;4.0
31;MG;1997;728;656.0;1168.0;601.0;72.0;60.0;311.0;179.0;532;387.0;519.0;1347.0;69;262.0;579.0;49.0
32;ES;1997;955;887.0;1287.0;725.0;67.0;20.0;121.0;128.0;667;526.0;262.0;1416.0;58;105.0;283.0;16.0
33;RJ;1997;6161;5746.0;7298.0;4144.0;408.0;294.0;2468.0;646.0;3901;3413.0;3940.0;7954.0;243;2217.0;4238.0;250.0
35;SP;1997;5377;4973.0;11509.0;7036.0;404.0;151.0;2945.0;1028.0;6534;3274.0;2055.0;12537.0;502;2671.0;2206.0;274.0
41;PR;1997;896;832.0;1424.0;718.0;64.0;4.0;364.0;157.0;651;463.0;66.0;1581.0;67;328.0;70.0;36.0
42;SC;1997;225;205.0;372.0;173.0;20.0;1.0;123.0;51.0;156;97.0;10.0;423.0;17;111.0;11.0;12.0
50;MS;1997;495;453.0;652.0;307.0;38.0;0.0;3.0;71.0;285;232.0;1.0;729.0;22;3.0;1.0;0.0
51;MT;1997;437;398.0;673.0;302.0;36.0;23.0;113.0;88.0;268;189.0;212.0;766.0;34;91.0;235.0;21.0
52;GO;1997;431;387.0;646.0;327.0;42.0;16.0;81.0;94.0;293;207.0;121.0;744.0;32;68.0;137.0;13.0
53;DF;1997;432;402.0;565.0;349.0;30.0;31.0;83.0;48.0;328;282.0;388.0;613.0;21;73.0;419.0;10.0
41;PR;1998;961;893.0;1447.0;762.0;68.0;22.0;944.0;178.0;693;513.0;232.0;1625.0;69;827.0;254.0;117.0
11;RO;1998;311;290.0;449.0;209.0;21.0;7.0;83.0;45.0;189;141.0;105.0;494.0;20;72.0;112.0;11.0
52;GO;1998;434;390.0;616.0;325.0;36.0;12.0;84.0;76.0;294;217.0;180.0;704.0;24;71.0;193.0;12.0
51;MT;1998;537;490.0;737.0;356.0;46.0;46.0;200.0;93.0;311;255.0;364.0;832.0;44;176.0;411.0;23.0
50;MS;1998;418;376.0;595.0;306.0;41.0;2.0;13.0;73.0;268;210.0;8.0;670.0;38;10.0;10.0;3.0
43;RS;1998;1058;958.0;1343.0;716.0;100.0;30.0;1156.0;181.0;641;546.0;231.0;1524.0;75;1019.0;261.0;137.0
12;AC;1998;58;53.0;98.0;59.0;5.0;1.0;11.0;12.0;55;34.0;21.0;110.0;4;10.0;22.0;1.0
13;AM;1998;228;206.0;481.0;342.0;22.0;45.0;28.0;52.0;309;139.0;404.0;534.0;33;26.0;449.0;2.0
14;RR;1998;53;46.0;122.0;64.0;7.0;9.0;23.0;12.0;59;31.0;91.0;134.0;5;20.0;100.0;3.0
15;PA;1998;436;407.0;707.0;438.0;29.0;45.0;66.0;67.0;410;240.0;472.0;774.0;28;56.0;517.0;10.0
16;AP;1998;71;64.0;148.0;97.0;7.0;9.0;11.0;12.0;92;43.0;134.0;160.0;5;8.0;143.0;3.0
17;TO;1998;78;65.0;110.0;51.0;13.0;12.0;37.0;19.0;41;30.0;53.0;129.0;10;33.0;65.0;4.0
21;MA;1998;130;121.0;247.0;131.0;9.0;18.0;34.0;30.0;118;68.0;177.0;278.0;13;29.0;196.0;5.0
53;DF;1998;474;439.0;579.0;381.0;35.0;37.0;86.0;54.0;354;316.0;415.0;633.0;27;73.0;452.0;13.0
22;PI;1998;40;35.0;119.0;74.0;4.0;12.0;20.0;20.0;66;23.0;78.0;140.0;8;15.0;90.0;5.0
23;CE;1998;483;457.0;889.0;474.0;26.0;11.0;108.0;56.0;447;251.0;305.0;946.0;27;97.0;316.0;11.0
24;RN;1998;140;131.0;202.0;124.0;9.0;7.0;45.0;20.0;115;83.0;119.0;222.0;9;37.0;126.0;8.0
25;PB;1998;291;267.0;414.0;239.0;24.0;5.0;31.0;41.0;215;165.0;82.0;455.0;24;25.0;87.0;6.0
26;PE;1998;3651;3453.0;4141.0;2560.0;196.0;65.0;545.0;277.0;2437;2221.0;1106.0;4423.0;122;485.0;1171.0;60.0
27;AL;1998;414;386.0;537.0;260.0;28.0;18.0;55.0;45.0;234;192.0;216.0;582.0;26;47.0;234.0;8.0
28;SE;1998;105;99.0;162.0;87.0;6.0;5.0;14.0;13.0;84;8310.0;79.0;175.0;3;12.0;84.0;2.0
29;BA;1998;799;760.0;1169.0;656.0;38.0;24.0;47.0;101.0;616;462.0;248.0;1271.0;39;44.0;273.0;3.0
31;MG;1998;865;788.0;1310.0;729.0;77.0;92.0;420.0;201.0;648;480.0;700.0;1511.0;81;363.0;792.0;57.0
42;SC;1998;198;171.0;345.0;176.0;27.0;2.0;223.0;69.0;148;95.0;34.0;414.0;28;179.0;36.0;44.0
32;ES;1998;1161;1066.0;1508.0;880.0;93.0;32.0;178.0;163.0;816;669.0;328.0;1675.0;64;156.0;360.0;22.0
33;RJ;1998;5978;5570.0;7000.0;4008.0;398.0;255.0;2452.0;560.0;3783;3328.0;3631.0;7573.0;223;2246.0;3891.0;202.0
35;SP;1998;6302;5920.0;12952.0;8020.0;382.0;351.0;6864.0;1034.0;7502;3833.0;5434.0;13986.0;518;6291.0;5785.0;573.0
32;ES;1999;1121;1041.0;1396.0;815.0;80.0;45.0;230.0;128.0;752;664.0;554.0;1524.0;63;208.0;599.0;22.0
23;CE;1999;528;497.0;1012.0;512.0;31.0;34.0;164.0;91.0;478;262.0;518.0;1104.0;34;145.0;552.0;19.0
17;TO;1999;70;64.0;121.0;68.0;6.0;9.0;46.0;16.0;57;38.0;60.0;137.0;11;43.0;69.0;3.0
53;DF;1999;454;420.0;598.0;402.0;34.0;40.0;98.0;60.0;371;310.0;440.0;659.0;31;83.0;480.0;15.0
52;GO;1999;534;472.0;733.0;416.0;60.0;28.0;188.0;117.0;366;290.0;245.0;853.0;50;148.0;274.0;40.0
51;MT;1999;476;441.0;751.0;337.0;35.0;34.0;223.0;71.0;304;218.0;387.0;822.0;33;200.0;421.0;23.0
50;MS;1999;351;315.0;508.0;264.0;36.0;13.0;156.0;63.0;240;169.0;124.0;571.0;24;137.0;137.0;19.0
43;RS;1999;1085;995.0;1370.0;779.0;90.0;21.0;1173.0;163.0;711;596.0;249.0;1533.0;68;1039.0;270.0;134.0
42;SC;1999;179;160.0;335.0;147.0;19.0;1.0;259.0;50.0;128;77.0;44.0;385.0;19;217.0;45.0;42.0
41;PR;1999;1027;945.0;1522.0;813.0;81.0;30.0;1151.0;182.0;749;580.0;262.0;1706.0;64;1025.0;292.0;126.0
35;SP;1999;8017;7567.0;14640.0;9019.0;450.0;412.0;8367.0;1123.0;8490;4905.0;6182.0;15763.0;529;7723.0;6594.0;644.0
33;RJ;1999;6002;5607.0;6695.0;3876.0;380.0;265.0;2446.0;543.0;3650;3365.0;3726.0;7261.0;225;2212.0;3994.0;232.0
31;MG;1999;725;650.0;1373.0;792.0;74.0;110.0;437.0;222.0;693;413.0;732.0;1596.0;98;368.0;842.0;69.0
29;BA;1999;551;520.0;823.0;475.0;31.0;41.0;97.0;88.0;442;313.0;305.0;913.0;33;88.0;346.0;9.0
28;SE;1999;216;194.0;288.0;168.0;21.0;12.0;39.0;40.0;149;9347.0;101.0;329.0;18;32.0;114.0;7.0
27;AL;1999;382;353.0;499.0;273.0;29.0;30.0;54.0;55.0;252;202.0;338.0;554.0;21;47.0;368.0;7.0
26;PE;1999;3610;3401.0;3949.0;2414.0;206.0;143.0;583.0;265.0;2282;2166.0;2186.0;4217.0;130;528.0;2329.0;55.0
25;PB;1999;256;237.0;369.0;202.0;19.0;7.0;47.0;34.0;189;138.0;111.0;403.0;13;34.0;118.0;13.0
24;RN;1999;138;123.0;200.0;84.0;15.0;13.0;57.0;24.0;78;58.0;122.0;224.0;6;50.0;135.0;7.0
22;PI;1999;56;55.0;126.0;75.0;1.0;6.0;18.0;7.0;71;33.0;85.0;133.0;4;18.0;91.0;0.0
21;MA;1999;102;95.0;233.0;113.0;7.0;14.0;41.0;27.0;105;44.0;135.0;262.0;7;37.0;149.0;3.0
16;AP;1999;60;55.0;175.0;124.0;5.0;16.0;11.0;17.0;113;41.0;163.0;192.0;11;10.0;179.0;1.0
15;PA;1999;344;325.0;601.0;314.0;18.0;31.0;67.0;39.0;297;175.0;462.0;642.0;16;66.0;494.0;1.0
14;RR;1999;60;54.0;139.0;77.0;6.0;6.0;57.0;15.0;73;34.0;82.0;154.0;4;49.0;88.0;8.0
13;AM;1999;222;203.0;475.0;316.0;19.0;45.0;38.0;51.0;292;137.0;422.0;527.0;24;33.0;467.0;4.0
12;AC;1999;14;12.0;44.0;26.0;2.0;2.0;15.0;7.0;22;6.0;15.0;51.0;4;12.0;17.0;3.0
11;RO;1999;322;298.0;392.0;171.0;23.0;15.0;109.0;38.0;155;129.0;153.0;432.0;16;96.0;168.0;12.0
21;MA;2000;141;138.0;320.0;187.0;12.0;24.0;60.0;32.0;170;64.0;230.0;352.0;17;56.0;254.0;4.0
22;PI;2000;98;5744.0;214.0;126.0;2.0;8.0;36.0;14.0;118;55.0;138.0;230.0;7;33.0;147.0;3.0
23;CE;2000;657;89.0;1131.0;620.0;54.0;51.0;211.0;106.0;577;340.0;656.0;1238.0;43;182.0;708.0;29.0
24;RN;2000;147;1015.0;235.0;122.0;9.0;10.0;61.0;22.0;109;79.0;161.0;257.0;13;50.0;171.0;11.0
25;PB;2000;372;705.0;463.0;297.0;32.0;32.0;59.0;44.0;277;227.0;351.0;507.0;20;52.0;383.0;7.0
26;PE;2000;3617;941.0;3980.0;2470.0;212.0;202.0;546.0;310.0;2317;2190.0;3003.0;4290.0;153;476.0;3205.0;70.0
27;AL;2000;484;234.0;663.0;395.0;33.0;46.0;102.0;64.0;365;277.0;487.0;727.0;30;92.0;533.0;10.0
42;SC;2000;222;407.0;380.0;172.0;26.0;9.0;332.0;53.0;154;99.0;47.0;433.0;18;292.0;56.0;40.0
28;SE;2000;279;633.0;373.0;218.0;18.0;15.0;67.0;37.0;208;157.0;171.0;410.0;10;62.0;186.0;5.0
29;BA;2000;766;31.0;1108.0;666.0;59.0;90.0;94.0;132.0;607;451.0;802.0;1242.0;59;79.0;892.0;15.0
31;MG;2000;1420;451.0;1857.0;1166.0;117.0;125.0;643.0;252.0;1058;900.0;1126.0;2109.0;108;541.0;1251.0;102.0
32;ES;2000;1004;96.0;1322.0;744.0;63.0;49.0;260.0;113.0;692;576.0;624.0;1435.0;52;237.0;673.0;23.0
33;RJ;2000;6126;9043.0;6795.0;3982.0;375.0;265.0;2694.0;540.0;3761;3459.0;4003.0;7350.0;220;2447.0;4271.0;246.0
35;SP;2000;9642;648.0;14441.0;9249.0;599.0;378.0;8850.0;1150.0;8705;6116.0;6029.0;15591.0;544;8110.0;6407.0;740.0
41;PR;2000;1093;1303.0;1623.0;892.0;76.0;22.0;1379.0;164.0;833;620.0;331.0;1789.0;59;1242.0;353.0;137.0
43;RS;2000;1250;196.0;1491.0;800.0;91.0;22.0;1363.0;175.0;747;662.0;250.0;1668.0;53;1216.0;272.0;147.0
50;MS;2000;448;3405.0;577.0;314.0;41.0;30.0;297.0;72.0;281;246.0;273.0;651.0;33;259.0;303.0;38.0
51;MT;2000;691;340.0;909.0;422.0;43.0;47.0;336.0;81.0;396;325.0;561.0;990.0;26;303.0;608.0;33.0
52;GO;2000;706;603.0;940.0;548.0;71.0;53.0;320.0;142.0;482;406.0;472.0;1085.0;65;269.0;526.0;51.0
53;DF;2000;501;129.0;644.0;407.0;23.0;32.0;104.0;41.0;388;334.0;533.0;687.0;19;97.0;565.0;7.0
11;RO;2000;277;259.0;419.0;210.0;18.0;22.0;123.0;46.0;191;127.0;230.0;466.0;19;109.0;252.0;14.0
12;AC;2000;39;35.0;93.0;67.0;4.0;7.0;49.0;13.0;58;21.0;44.0;106.0;9;44.0;51.0;5.0
13;AM;2000;247;437.0;516.0;352.0;13.0;28.0;48.0;36.0;331;165.0;454.0;552.0;21;42.0;482.0;6.0
14;RR;2000;47;1159.0;108.0;68.0;4.0;12.0;28.0;22.0;59;28.0;89.0;130.0;9;18.0;101.0;10.0
15;PA;2000;461;261.0;743.0;418.0;24.0;55.0;95.0;63.0;388;247.0;603.0;806.0;30;88.0;658.0;7.0
16;AP;2000;33;43.0;152.0;107.0;2.0;4.0;12.0;4.0;105;24.0;124.0;156.0;2;12.0;128.0;0.0
17;TO;2000;97;477.0;160.0;86.0;8.0;10.0;57.0;16.0;81;57.0;103.0;176.0;5;52.0;113.0;5.0
11;RO;2001;377;343.0;508.0;240.0;34.0;35.0;201.0;65.0;208;157.0;275.0;573.0;32;178.0;310.0;23.0
12;AC;2001;54;51.0;109.0;72.0;3.0;5.0;35.0;12.0;64;36.0;65.0;121.0;8;31.0;70.0;4.0
13;AM;2001;199;497.0;430.0;285.0;15.0;45.0;58.0;55.0;258;124.0;371.0;485.0;27;50.0;416.0;8.0
14;RR;2001;42;1241.0;101.0;51.0;1.0;6.0;22.0;7.0;48;20.0;76.0;108.0;3;21.0;82.0;1.0
15;PA;2001;543;347.0;869.0;515.0;46.0;74.0;116.0;97.0;469;289.0;725.0;966.0;46;96.0;799.0;20.0
16;AP;2001;43;41.0;170.0;115.0;1.0;9.0;15.0;12.0;108;21.0;155.0;182.0;7;13.0;164.0;2.0
17;TO;2001;131;470.0;189.0;89.0;11.0;14.0;69.0;23.0;79;60.0;126.0;212.0;10;60.0;140.0;9.0
21;MA;2001;221;202.0;509.0;296.0;19.0;36.0;97.0;54.0;271;120.0;403.0;563.0;25;81.0;439.0;16.0
53;DF;2001;495;202.0;649.0;447.0;25.0;34.0;95.0;44.0;419;362.0;549.0;693.0;28;87.0;583.0;8.0
52;GO;2001;752;595.0;1035.0;591.0;64.0;61.0;348.0;131.0;533;420.0;606.0;1167.0;58;306.0;667.0;42.0
51;MT;2001;582;323.0;880.0;427.0;42.0;56.0;309.0;92.0;384;286.0;573.0;973.0;43;276.0;629.0;33.0
50;MS;2001;395;3748.0;555.0;267.0;35.0;31.0;294.0;64.0;235;190.0;277.0;621.0;32;265.0;308.0;29.0
43;RS;2001;1343;244.0;1674.0;880.0;102.0;17.0;1498.0;180.0;807;719.0;300.0;1854.0;73;1342.0;317.0;156.0
42;SC;2001;269;358.0;417.0;214.0;25.0;7.0;361.0;60.0;189;133.0;61.0;477.0;25;320.0;68.0;41.0
41;PR;2001;1269;1461.0;1852.0;1041.0;101.0;24.0;1639.0;197.0;946;731.0;333.0;2052.0;95;1469.0;358.0;169.0
35;SP;2001;10625;539.0;14669.0;9193.0;618.0;379.0;9000.0;1100.0;8655;6588.0;6096.0;15773.0;538;8301.0;6475.0;699.0
33;RJ;2001;6134;10006.0;6767.0;3962.0;384.0;306.0;2514.0;566.0;3726;3511.0;4003.0;7362.0;236;2306.0;4309.0;206.0
32;ES;2001;1019;95.0;1319.0;784.0;80.0;58.0;255.0;132.0;723;609.0;680.0;1452.0;60;222.0;738.0;33.0
31;MG;2001;1558;575.0;2124.0;1255.0;97.0;119.0;767.0;241.0;1153;957.0;1304.0;2366.0;102;673.0;1423.0;94.0
29;BA;2001;1129;42.0;1500.0;887.0;50.0;81.0;145.0;122.0;848;702.0;1130.0;1622.0;39;132.0;1211.0;13.0
28;SE;2001;366;687.0;487.0;298.0;19.0;15.0;86.0;31.0;291;228.0;256.0;518.0;7;80.0;271.0;6.0
27;AL;2001;604;184.0;775.0;480.0;29.0;31.0;106.0;54.0;456;369.0;557.0;830.0;23;95.0;589.0;11.0
26;PE;2001;3949;939.0;4409.0;2744.0;194.0;206.0;546.0;294.0;2616;2442.0;3441.0;4710.0;127;491.0;3647.0;55.0
25;PB;2001;346;1079.0;439.0;288.0;23.0;31.0;56.0;45.0;264;211.0;298.0;484.0;24;47.0;329.0;9.0
24;RN;2001;216;1165.0;297.0;156.0;14.0;17.0;63.0;24.0;140;108.0;204.0;322.0;16;58.0;221.0;5.0
23;CE;2001;638;120.0;1170.0;651.0;43.0;58.0;185.0;114.0;604;343.0;638.0;1284.0;47;164.0;696.0;21.0
22;PI;2001;102;5740.0;226.0;133.0;7.0;24.0;41.0;35.0;113;64.0;155.0;262.0;20;34.0;179.0;7.0
11;RO;2002;393;371.0;569.0;282.0;21.0;25.0;189.0;44.0;265;179.0;351.0;615.0;17;177.0;376.0;12.0
53;DF;2002;469;239.0;591.0;416.0;29.0;36.0;93.0;50.0;385;338.0;503.0;641.0;31;80.0;539.0;13.0
52;GO;2002;893;692.0;1225.0;709.0;76.0;68.0;411.0;145.0;647;520.0;666.0;1370.0;62;361.0;734.0;50.0
51;MT;2002;582;393.0;856.0;414.0;45.0;53.0;320.0;92.0;377;279.0;549.0;948.0;37;283.0;602.0;37.0
50;MS;2002;421;3453.0;605.0;313.0;34.0;35.0;325.0;77.0;283;203.0;298.0;684.0;30;284.0;333.0;41.0
43;RS;2002;1373;281.0;1714.0;953.0;107.0;34.0;1564.0;198.0;877;757.0;288.0;1912.0;76;1402.0;322.0;162.0
42;SC;2002;317;386.0;510.0;263.0;36.0;9.0;457.0;75.0;231;162.0;75.0;585.0;32;396.0;84.0;61.0
41;PR;2002;1494;1907.0;2061.0;1233.0;92.0;35.0;1811.0;204.0;1147;920.0;377.0;2266.0;86;1644.0;413.0;167.0
35;SP;2002;9415;537.0;13471.0;8610.0;547.0;363.0;8285.0;1053.0;8077;6042.0;5643.0;14526.0;533;7611.0;6006.0;673.0
33;RJ;2002;6678;8867.0;7748.0;4555.0;362.0;284.0;2869.0;560.0;4329;3888.0;4634.0;8335.0;225;2631.0;4923.0;236.0
32;ES;2002;1221;110.0;1494.0;936.0;88.0;71.0;290.0;149.0;862;760.0;742.0;1644.0;74;261.0;813.0;29.0
31;MG;2002;2049;675.0;2700.0;1624.0;142.0;151.0;903.0;294.0;1504;1249.0;1776.0;2994.0;120;783.0;1927.0;120.0
29;BA;2002;1220;45.0;1634.0;1014.0;60.0;88.0;149.0;123.0;949;777.0;1209.0;1759.0;65;134.0;1298.0;15.0
28;SE;2002;402;817.0;519.0;323.0;14.0;22.0;68.0;37.0;307;247.0;362.0;556.0;16;61.0;384.0;7.0
27;AL;2002;720;186.0;921.0;559.0;45.0;39.0;106.0;70.0;529;435.0;616.0;991.0;30;99.0;655.0;7.0
26;PE;2002;3639;1132.0;4118.0;2588.0;182.0;178.0;534.0;274.0;2474;2267.0;3395.0;4396.0;113;459.0;3574.0;75.0
25;PB;2002;425;1159.0;551.0;322.0;25.0;26.0;51.0;46.0;299;227.0;405.0;607.0;22;44.0;432.0;7.0
24;RN;2002;193;1402.0;276.0;143.0;7.0;12.0;67.0;23.0;133;95.0;201.0;299.0;10;58.0;213.0;9.0
23;CE;2002;741;76.0;1320.0;729.0;49.0;48.0;142.0;125.0;669;422.0;657.0;1445.0;60;126.0;705.0;16.0
22;PI;2002;120;6308.0;279.0;162.0;10.0;18.0;43.0;27.0;153;65.0;214.0;308.0;9;37.0;232.0;6.0
21;MA;2002;253;186.0;567.0;302.0;14.0;31.0;97.0;39.0;289;115.0;462.0;606.0;13;90.0;493.0;7.0
17;TO;2002;83;440.0;150.0;82.0;7.0;16.0;43.0;20.0;73;43.0;110.0;170.0;9;39.0;126.0;4.0
16;AP;2002;50;43.0;169.0;120.0;5.0;8.0;18.0;12.0;115;28.0;149.0;181.0;5;14.0;157.0;4.0
15;PA;2002;694;388.0;1119.0;632.0;33.0;62.0;137.0;73.0;601;373.0;974.0;1192.0;31;127.0;1036.0;10.0
14;RR;2002;48;1266.0;110.0;71.0;5.0;9.0;28.0;12.0;64;20.0;83.0;122.0;7;25.0;92.0;3.0
13;AM;2002;201;661.0;478.0;312.0;15.0;27.0;60.0;35.0;295;116.0;415.0;513.0;17;53.0;442.0;7.0
12;AC;2002;66;63.0;140.0;90.0;3.0;8.0;46.0;11.0;84;40.0;92.0;151.0;6;43.0;100.0;3.0
23;CE;2003;846;93.0;1460.0;771.0;46.0;40.0;159.0;103.0;727;449.0;708.0;1563.0;44;149.0;748.0;10.0
22;PI;2003;143;6024.0;265.0;156.0;10.0;24.0;34.0;32.0;137;83.0;217.0;298.0;19;27.0;241.0;7.0
21;MA;2003;351;272.0;726.0;419.0;27.0;58.0;120.0;69.0;389;176.0;599.0;795.0;30;109.0;657.0;11.0
17;TO;2003;98;520.0;182.0;87.0;5.0;17.0;42.0;22.0;80;47.0;144.0;204.0;7;37.0;161.0;5.0
16;AP;2003;70;38.0;170.0;133.0;5.0;12.0;11.0;15.0;125;51.0;159.0;185.0;8;9.0;171.0;2.0
15;PA;2003;871;321.0;1311.0;747.0;45.0;78.0;152.0;93.0;700;466.0;1159.0;1405.0;47;137.0;1237.0;15.0
14;RR;2003;41;1270.0;100.0;53.0;3.0;5.0;22.0;6.0;50;16.0;75.0;106.0;3;21.0;80.0;1.0
13;AM;2003;171;826.0;523.0;343.0;14.0;30.0;52.0;35.0;324;111.0;465.0;558.0;19;47.0;495.0;5.0
11;RO;2003;381;348.0;514.0;231.0;33.0;29.0;171.0;51.0;207;155.0;346.0;566.0;24;149.0;375.0;22.0
12;AC;2003;57;52.0;132.0;78.0;5.0;7.0;41.0;15.0;69;31.0;91.0;147.0;9;35.0;98.0;6.0
53;DF;2003;562;324.0;678.0;454.0;41.0;45.0;109.0;62.0;428;381.0;578.0;742.0;26;95.0;623.0;14.0
52;GO;2003;868;800.0;1201.0;713.0;69.0;74.0;346.0;143.0;647;522.0;709.0;1346.0;66;301.0;784.0;45.0
51;MT;2003;555;436.0;818.0;406.0;40.0;53.0;300.0;90.0;368;270.0;544.0;908.0;38;266.0;597.0;34.0
50;MS;2003;430;3580.0;640.0;344.0;35.0;27.0;303.0;64.0;318;240.0;355.0;705.0;26;268.0;382.0;35.0
43;RS;2003;1365;384.0;1731.0;932.0;95.0;23.0;1543.0;177.0;871;755.0;331.0;1908.0;61;1391.0;354.0;152.0
42;SC;2003;414;395.0;600.0;313.0;30.0;8.0;494.0;70.0;283;220.0;93.0;670.0;30;442.0;101.0;52.0
41;PR;2003;1748;2615.0;2326.0;1368.0;119.0;32.0;2078.0;227.0;1265;1065.0;380.0;2555.0;102;1887.0;412.0;190.0
35;SP;2003;9570;515.0;13017.0;8348.0;538.0;378.0;8127.0;1029.0;7826;6132.0;5461.0;14048.0;522;7487.0;5839.0;640.0
33;RJ;2003;6365;9032.0;7579.0;4517.0;336.0;277.0;2728.0;527.0;4303;3675.0;4671.0;8115.0;214;2499.0;4948.0;228.0
32;ES;2003;1179;133.0;1487.0;893.0;71.0;67.0;335.0;141.0;836;699.0;816.0;1629.0;57;293.0;883.0;42.0
31;MG;2003;2815;740.0;3493.0;2241.0;200.0;199.0;1148.0;376.0;2062;1814.0;2340.0;3869.0;179;996.0;2539.0;152.0
29;BA;2003;1588;65.0;2014.0;1272.0;68.0;100.0;158.0;152.0;1204;1008.0;1565.0;2166.0;68;140.0;1665.0;18.0
28;SE;2003;339;797.0;435.0;259.0;18.0;16.0;62.0;34.0;247;200.0;262.0;469.0;12;54.0;278.0;8.0
27;AL;2003;774;157.0;972.0;615.0;34.0;39.0;63.0;67.0;586;476.0;591.0;1039.0;29;58.0;630.0;5.0
26;PE;2003;3766;1107.0;4243.0;2645.0;186.0;187.0;546.0;274.0;2513;2298.0;3375.0;4517.0;132;493.0;3562.0;53.0
25;PB;2003;459;1520.0;579.0;339.0;22.0;25.0;48.0;35.0;325;260.0;458.0;616.0;14;44.0;484.0;4.0
24;RN;2003;289;1627.0;373.0;200.0;17.0;16.0;95.0;32.0;183;155.0;261.0;405.0;17;81.0;277.0;14.0
50;MS;2004;387;3155.0;601.0;319.0;24.0;30.0;269.0;55.0;296;217.0;342.0;656.0;23;245.0;372.0;24.0
17;TO;2004;100;476.0;180.0;99.0;6.0;14.0;49.0;18.0;91;47.0;135.0;198.0;8;45.0;149.0;4.0
21;MA;2004;355;228.0;679.0;398.0;23.0;44.0;88.0;53.0;373;196.0;587.0;732.0;25;79.0;631.0;9.0
22;PI;2004;131;5852.0;301.0;173.0;8.0;14.0;50.0;26.0;156;80.0;237.0;327.0;17;40.0;251.0;10.0
24;RN;2004;237;1776.0;323.0;181.0;9.0;13.0;65.0;21.0;172;134.0;233.0;344.0;9;61.0;246.0;4.0
16;AP;2004;74;30.0;157.0;116.0;5.0;14.0;10.0;15.0;108;51.0;146.0;172.0;8;9.0;160.0;1.0
15;PA;2004;969;286.0;1426.0;811.0;42.0;77.0;157.0;93.0;768;539.0;1274.0;1519.0;43;143.0;1351.0;14.0
14;RR;2004;31;1326.0;78.0;44.0;1.0;3.0;16.0;7.0;38;15.0;63.0;85.0;6;13.0;66.0;3.0
13;AM;2004;227;927.0;477.0;309.0;14.0;34.0;76.0;49.0;290;136.0;406.0;526.0;19;63.0;440.0;13.0
53;DF;2004;506;332.0;642.0;436.0;29.0;43.0;109.0;52.0;410;360.0;538.0;696.0;26;101.0;582.0;8.0
52;GO;2004;988;865.0;1377.0;816.0;50.0;64.0;475.0;142.0;757;601.0;830.0;1524.0;59;411.0;896.0;64.0
51;MT;2004;454;431.0;754.0;401.0;36.0;60.0;273.0;99.0;352;236.0;512.0;853.0;49;234.0;572.0;39.0
43;RS;2004;1432;345.0;1787.0;1016.0;106.0;26.0;1581.0;195.0;936;837.0;358.0;1982.0;80;1414.0;384.0;167.0
42;SC;2004;377;363.0;559.0;281.0;32.0;7.0;490.0;79.0;258;202.0;92.0;638.0;23;427.0;99.0;63.0
41;PR;2004;1912;3035.0;2573.0;1566.0;132.0;41.0;2233.0;249.0;1447;1185.0;495.0;2826.0;119;2030.0;537.0;202.0
35;SP;2004;7611;418.0;10474.0;6446.0;458.0;285.0;6530.0;861.0;6045;4743.0;4434.0;11336.0;401;5958.0;4720.0;572.0
33;RJ;2004;6193;7152.0;7221.0;4349.0;338.0;251.0;2537.0;506.0;4144;3555.0;4536.0;7731.0;205;2307.0;4787.0;230.0
32;ES;2004;1188;123.0;1482.0;936.0;80.0;69.0;260.0;137.0;875;761.0;859.0;1619.0;61;227.0;928.0;33.0
31;MG;2004;3255;719.0;3913.0;2571.0;220.0;230.0;1178.0;373.0;2386;2154.0;2686.0;4286.0;185;1063.0;2916.0;115.0
27;AL;2004;754;213.0;960.0;623.0;35.0;42.0;52.0;75.0;589;481.0;666.0;1035.0;34;43.0;708.0;9.0
28;SE;2004;301;937.0;424.0;234.0;14.0;15.0;49.0;29.0;220;167.0;255.0;454.0;14;43.0;270.0;6.0
29;BA;2004;1590;69.0;2064.0;1311.0;78.0;155.0;159.0;195.0;1222;1023.0;1704.0;2262.0;89;139.0;1859.0;20.0
26;PE;2004;3344;1108.0;3898.0;2490.0;189.0;206.0;444.0;276.0;2348;2125.0;3224.0;4174.0;142;388.0;3430.0;56.0
23;CE;2004;916;94.0;1459.0;826.0;51.0;44.0;140.0;123.0;774;524.0;655.0;1582.0;52;125.0;699.0;15.0
25;PB;2004;472;1511.0;611.0;350.0;41.0;47.0;45.0;60.0;333;257.0;493.0;675.0;17;40.0;540.0;5.0
11;RO;2004;334;313.0;529.0;280.0;20.0;13.0;164.0;33.0;265;170.0;358.0;563.0;15;147.0;372.0;17.0
12;AC;2004;49;42.0;104.0;75.0;7.0;7.0;27.0;10.0;71;31.0;73.0;114.0;4;24.0;80.0;3.0
43;RS;2005;1473;359.0;1812.0;1034.0;114.0;22.0;1601.0;209.0;957;836.0;385.0;2021.0;77;1415.0;407.0;186.0
50;MS;2005;345;3312.0;561.0;308.0;26.0;31.0;268.0;70.0;278;195.0;316.0;631.0;30;230.0;347.0;38.0
51;MT;2005;487;507.0;815.0;407.0;32.0;51.0;265.0;89.0;373;265.0;579.0;907.0;34;227.0;631.0;38.0
22;PI;2005;151;5639.0;328.0;210.0;11.0;29.0;51.0;40.0;196;100.0;266.0;368.0;14;43.0;295.0;8.0
23;CE;2005;1012;72.0;1555.0;943.0;66.0;45.0;154.0;143.0;883;613.0;715.0;1699.0;59;138.0;760.0;16.0
24;RN;2005;268;1906.0;364.0;235.0;12.0;27.0;75.0;41.0;213;169.0;248.0;406.0;21;65.0;275.0;9.0
25;PB;2005;543;1908.0;683.0;403.0;36.0;45.0;50.0;62.0;378;310.0;563.0;745.0;25;43.0;608.0;7.0
26;PE;2005;3509;1088.0;4048.0;2616.0;197.0;226.0;451.0;282.0;2482;2243.0;3291.0;4330.0;134;414.0;3517.0;37.0
27;AL;2005;909;251.0;1129.0;696.0;36.0;46.0;69.0;74.0;660;537.0;766.0;1203.0;36;61.0;812.0;8.0
11;RO;2005;367;342.0;506.0;246.0;25.0;30.0;148.0;49.0;220;175.0;361.0;555.0;26;134.0;391.0;14.0
28;SE;2005;318;885.0;459.0;249.0;12.0;22.0;73.0;28.0;238;185.0;323.0;487.0;11;69.0;345.0;4.0
29;BA;2005;2022;50.0;2669.0;1703.0;114.0;164.0;172.0;211.0;1613;1319.0;2216.0;2881.0;90;150.0;2380.0;22.0
31;MG;2005;3099;873.0;3846.0;2461.0;204.0;212.0;1142.0;377.0;2301;2039.0;2658.0;4223.0;160;999.0;2870.0;143.0
12;AC;2005;36;35.0;111.0;67.0;1.0;8.0;31.0;13.0;60;18.0;79.0;124.0;7;26.0;87.0;5.0
32;ES;2005;1189;140.0;1453.0;904.0;101.0;90.0;243.0;149.0;839;726.0;924.0;1602.0;65;213.0;1014.0;30.0
52;GO;2005;937;945.0;1334.0;830.0;52.0;83.0;408.0;133.0;776;619.0;920.0;1468.0;54;361.0;1003.0;46.0
53;DF;2005;452;468.0;610.0;403.0;25.0;32.0;95.0;47.0;384;317.0;519.0;657.0;19;81.0;551.0;14.0
33;RJ;2005;5978;5427.0;6885.0;4177.0;329.0;273.0;2443.0;507.0;3974;3496.0;4385.0;7408.0;201;2238.0;4658.0;204.0
35;SP;2005;5796;454.0;8091.0;4719.0;367.0;260.0;5087.0;776.0;4379;3415.0;3474.0;8870.0;340;4575.0;3734.0;512.0
41;PR;2005;2027;2895.0;2738.0;1658.0;121.0;50.0;2279.0;239.0;1558;1303.0;589.0;2977.0;100;2094.0;639.0;185.0
42;SC;2005;392;319.0;564.0;322.0;33.0;6.0;476.0;68.0;295;231.0;88.0;633.0;27;422.0;94.0;54.0
13;AM;2005;264;1139.0;551.0;356.0;13.0;40.0;73.0;48.0;333;161.0;466.0;599.0;23;66.0;506.0;7.0
14;RR;2005;28;1359.0;84.0;42.0;2.0;9.0;20.0;11.0;40;8.0;64.0;95.0;2;18.0;73.0;2.0
15;PA;2005;1195;306.0;1797.0;1082.0;56.0;101.0;181.0;127.0;1024;708.0;1625.0;1926.0;57;155.0;1726.0;26.0
16;AP;2005;55;26.0;181.0;123.0;5.0;13.0;22.0;15.0;117;33.0;159.0;196.0;6;20.0;172.0;2.0
17;TO;2005;78;427.0;169.0;88.0;6.0;15.0;41.0;21.0;80;39.0;133.0;190.0;8;35.0;148.0;6.0
21;MA;2005;489;256.0;877.0;511.0;21.0;49.0;138.0;58.0;481;276.0;725.0;935.0;30;130.0;774.0;8.0
29;BA;2006;2402;75.0;3065.0;1947.0;131.0;197.0;204.0;243.0;1824;1561.0;2624.0;3311.0;123;183.0;2821.0;21.0
15;PA;2006;1295;388.0;1930.0;1185.0;71.0;118.0;160.0;140.0;1130;771.0;1749.0;2073.0;55;139.0;1867.0;21.0
14;RR;2006;38;1342.0;96.0;46.0;3.0;3.0;43.0;13.0;41;18.0;64.0;111.0;5;31.0;67.0;10.0
13;AM;2006;379;1223.0;646.0;428.0;22.0;33.0;95.0;53.0;402;237.0;551.0;699.0;26;77.0;584.0;18.0
12;AC;2006;50;48.0;143.0;85.0;2.0;8.0;42.0;15.0;81;23.0;94.0;158.0;4;36.0;102.0;6.0
11;RO;2006;383;356.0;531.0;257.0;25.0;31.0;145.0;51.0;234;189.0;386.0;585.0;23;125.0;418.0;19.0
53;DF;2006;435;455.0;611.0;399.0;33.0;39.0;79.0;49.0;374;305.0;537.0;660.0;25;70.0;576.0;9.0
52;GO;2006;984;1017.0;1364.0;825.0;69.0;91.0;381.0;143.0;766;602.0;985.0;1509.0;59;332.0;1076.0;48.0
51;MT;2006;497;589.0;825.0;427.0;22.0;42.0;241.0;70.0;394;282.0;605.0;896.0;33;212.0;647.0;28.0
50;MS;2006;370;3395.0;627.0;315.0;17.0;24.0;294.0;55.0;295;215.0;342.0;683.0;20;265.0;366.0;29.0
43;RS;2006;1425;352.0;1821.0;980.0;83.0;30.0;1585.0;162.0;924;787.0;351.0;1983.0;56;1457.0;381.0;128.0
42;SC;2006;386;353.0;574.0;321.0;34.0;15.0;509.0;92.0;290;226.0;78.0;666.0;31;439.0;93.0;70.0
41;PR;2006;2229;2870.0;2839.0;1706.0;140.0;48.0;2531.0;249.0;1588;1361.0;474.0;3098.0;118;2326.0;522.0;196.0
35;SP;2006;5761;474.0;7582.0;4285.0;387.0;242.0;4846.0;788.0;3939;3285.0;3121.0;8377.0;346;4315.0;3364.0;530.0
33;RJ;2006;5790;5370.0;6858.0;4076.0;319.0;267.0;2436.0;504.0;3880;3347.0;4339.0;7389.0;196;2217.0;4611.0;219.0
32;ES;2006;1294;181.0;1578.0;982.0;100.0;103.0;255.0;183.0;904;787.0;1008.0;1762.0;78;211.0;1111.0;44.0
31;MG;2006;3075;1244.0;3783.0;2408.0;204.0;238.0;1242.0;392.0;2220;1990.0;2520.0;4177.0;186;1103.0;2759.0;138.0
28;SE;2006;403;913.0;545.0;334.0;15.0;22.0;85.0;40.0;316;243.0;384.0;585.0;18;76.0;406.0;9.0
27;AL;2006;1308;357.0;1514.0;980.0;64.0;66.0;68.0;106.0;925;823.0;1012.0;1620.0;55;62.0;1078.0;6.0
26;PE;2006;3592;1194.0;4162.0;2616.0;197.0;261.0;388.0;310.0;2479;2226.0;3632.0;4472.0;137;351.0;3893.0;37.0
25;PB;2006;628;2269.0;762.0;458.0;39.0;49.0;47.0;62.0;434;373.0;648.0;825.0;24;38.0;697.0;9.0
24;RN;2006;306;2085.0;413.0;234.0;21.0;27.0;81.0;42.0;219;175.0;291.0;455.0;15;71.0;318.0;10.0
23;CE;2006;1060;79.0;1658.0;941.0;43.0;65.0;165.0;134.0;890;642.0;907.0;1792.0;51;148.0;972.0;17.0
22;PI;2006;192;5460.0;386.0;240.0;11.0;28.0;51.0;32.0;221;116.0;329.0;418.0;19;47.0;357.0;4.0
21;MA;2006;479;285.0;902.0;527.0;24.0;58.0;143.0;67.0;497;256.0;753.0;969.0;30;135.0;811.0;8.0
17;TO;2006;85;402.0;207.0;121.0;6.0;18.0;38.0;22.0;113;50.0;171.0;229.0;8;34.0;189.0;4.0
16;AP;2006;75;35.0;189.0;128.0;0.0;10.0;14.0;13.0;125;49.0;176.0;202.0;3;11.0;186.0;3.0
43;RS;2007;1661;356.0;2003.0;1137.0;100.0;29.0;1735.0;193.0;1056;939.0;411.0;2199.0;81;1574.0;440.0;161.0
50;MS;2007;401;3511.0;641.0;340.0;29.0;28.0;314.0;67.0;312;222.0;341.0;710.0;28;274.0;369.0;39.0
51;MT;2007;542;613.0;794.0;368.0;35.0;54.0;271.0;95.0;334;248.0;561.0;889.0;34;230.0;615.0;41.0
52;GO;2007;1009;1181.0;1382.0;849.0;73.0;82.0;392.0;139.0;789;643.0;970.0;1521.0;60;341.0;1052.0;51.0
53;DF;2007;516;579.0;656.0;431.0;28.0;41.0;107.0;55.0;409;352.0;550.0;711.0;22;94.0;591.0;13.0
13;AM;2007;415;1327.0;663.0;433.0;25.0;43.0;45.0;52.0;405;265.0;605.0;715.0;28;38.0;648.0;7.0
14;RR;2007;28;1559.0;97.0;47.0;2.0;10.0;28.0;19.0;44;12.0;75.0;116.0;3;20.0;85.0;8.0
15;PA;2007;1385;329.0;2049.0;1263.0;58.0;112.0;190.0;144.0;1197;859.0;1841.0;2194.0;66;164.0;1953.0;26.0
16;AP;2007;60;26.0;160.0;114.0;5.0;8.0;21.0;12.0;107;40.0;132.0;172.0;7;17.0;140.0;4.0
17;TO;2007;88;488.0;196.0;94.0;8.0;26.0;31.0;28.0;83;33.0;164.0;226.0;11;29.0;191.0;2.0
21;MA;2007;602;415.0;1063.0;623.0;23.0;50.0;157.0;63.0;592;353.0;911.0;1127.0;31;144.0;962.0;13.0
22;PI;2007;184;4824.0;346.0;186.0;15.0;24.0;59.0;35.0;174;103.0;285.0;383.0;12;50.0;310.0;9.0
11;RO;2007;321;312.0;404.0;210.0;9.0;20.0;102.0;28.0;200;164.0;285.0;432.0;10;94.0;305.0;8.0
12;AC;2007;51;47.0;119.0;72.0;4.0;9.0;34.0;18.0;64;30.0;82.0;137.0;8;26.0;91.0;8.0
23;CE;2007;1224;80.0;1806.0;1066.0;43.0;84.0;213.0;126.0;1016;758.0;1283.0;1933.0;50;185.0;1367.0;27.0
24;RN;2007;438;2150.0;547.0;314.0;23.0;25.0;95.0;42.0;294;249.0;399.0;589.0;20;84.0;424.0;11.0
25;PB;2007;656;2565.0;793.0;461.0;42.0;55.0;40.0;69.0;432;372.0;704.0;864.0;29;32.0;759.0;8.0
26;PE;2007;3706;1252.0;4262.0;2698.0;192.0;241.0;282.0;290.0;2558;2310.0;3790.0;4557.0;139;246.0;4032.0;36.0
27;AL;2007;1552;390.0;1727.0;1102.0;74.0;68.0;76.0;109.0;1046;959.0;1179.0;1836.0;56;65.0;1247.0;11.0
28;SE;2007;348;936.0;488.0;294.0;19.0;21.0;75.0;34.0;282;211.0;350.0;522.0;12;66.0;371.0;9.0
29;BA;2007;2700;55.0;3408.0;2160.0;133.0;207.0;260.0;249.0;2036;1770.0;2909.0;3659.0;124;233.0;3116.0;27.0
31;MG;2007;2983;1478.0;3722.0;2344.0;218.0;248.0;1161.0;403.0;2168;1914.0;2528.0;4125.0;176;1030.0;2776.0;131.0
32;ES;2007;1363;169.0;1691.0;1008.0;111.0;116.0;277.0;186.0;929;823.0;1081.0;1877.0;79;245.0;1197.0;32.0
33;RJ;2007;5102;3859.0;6121.0;3652.0;272.0;216.0;2071.0;416.0;3485;2967.0;3952.0;6551.0;167;1883.0;4169.0;187.0
35;SP;2007;4150;507.0;5834.0;3135.0;291.0;185.0;3711.0;595.0;2868;2267.0;2417.0;6437.0;267;3315.0;2602.0;396.0
41;PR;2007;2285;2765.0;2860.0;1760.0;134.0;41.0;2414.0;241.0;1650;1450.0;575.0;3105.0;110;2220.0;617.0;193.0
42;SC;2007;377;371.0;560.0;328.0;21.0;6.0;510.0;70.0;292;233.0;88.0;632.0;34;450.0;94.0;60.0
24;RN;2008;536;2366.0;655.0;402.0;36.0;48.0;100.0;59.0;373;326.0;510.0;714.0;29;93.0;558.0;7.0
23;CE;2008;1332;88.0;1902.0;1131.0;48.0;74.0;194.0;117.0;1089;803.0;1303.0;2019.0;42;176.0;1377.0;18.0
22;PI;2008;159;4108.0;323.0;187.0;8.0;31.0;52.0;38.0;171;90.0;268.0;361.0;16;46.0;299.0;6.0
14;RR;2008;29;1683.0;90.0;38.0;2.0;5.0;28.0;15.0;35;9.0;69.0;105.0;3;19.0;74.0;9.0
53;DF;2008;579;673.0;748.0;492.0;38.0;57.0;105.0;64.0;457;390.0;644.0;812.0;35;98.0;701.0;7.0
52;GO;2008;1201;1284.0;1629.0;971.0;82.0;104.0;413.0;160.0;914;739.0;1204.0;1792.0;57;364.0;1309.0;49.0
51;MT;2008;572;701.0;851.0;428.0;36.0;57.0;238.0;86.0;390;291.0;630.0;937.0;38;211.0;687.0;27.0
13;AM;2008;446;1837.0;767.0;481.0;20.0;56.0;47.0;63.0;455;287.0;711.0;830.0;26;40.0;767.0;7.0
12;AC;2008;40;40.0;120.0;76.0;0.0;5.0;23.0;13.0;71;27.0;69.0;133.0;5;18.0;74.0;5.0
11;RO;2008;286;269.0;440.0;210.0;17.0;20.0;136.0;39.0;195;136.0;298.0;480.0;15;120.0;319.0;16.0
21;MA;2008;698;500.0;1196.0;714.0;25.0;67.0;156.0;81.0;677;408.0;1030.0;1277.0;37;144.0;1097.0;12.0
17;TO;2008;98;541.0;216.0;122.0;10.0;17.0;41.0;21.0;111;55.0;177.0;237.0;11;37.0;194.0;4.0
16;AP;2008;65;27.0;196.0;141.0;3.0;13.0;6.0;13.0;137;46.0;183.0;210.0;4;6.0;196.0;0.0
15;PA;2008;1929;357.0;2687.0;1635.0;89.0;139.0;213.0;169.0;1553;1160.0;2445.0;2860.0;82;186.0;2585.0;27.0
50;MS;2008;392;3277.0;639.0;345.0;22.0;22.0;312.0;60.0;318;229.0;339.0;699.0;27;274.0;361.0;38.0
43;RS;2008;1801;461.0;2161.0;1199.0;118.0;32.0;1869.0;219.0;1116;1011.0;439.0;2380.0;83;1685.0;471.0;184.0
42;SC;2008;505;370.0;715.0;406.0;43.0;8.0;674.0;86.0;373;302.0;100.0;802.0;32;600.0;108.0;74.0
41;PR;2008;2540;2580.0;3132.0;1914.0;168.0;55.0;2660.0;306.0;1777;1591.0;640.0;3445.0;137;2413.0;695.0;244.0
35;SP;2008;3891;536.0;5660.0;2948.0;292.0;199.0;3715.0;667.0;2706;2027.0;2265.0;6332.0;242;3263.0;2464.0;451.0
33;RJ;2008;4336;3598.0;5274.0;3092.0;219.0;223.0;1777.0;373.0;2934;2442.0;3365.0;5662.0;158;1644.0;3593.0;133.0
32;ES;2008;1495;151.0;1756.0;1113.0;124.0;129.0;264.0;190.0;1024;937.0;1123.0;1947.0;89;234.0;1252.0;30.0
31;MG;2008;2755;1541.0;3511.0;2204.0;174.0;221.0;1071.0;377.0;2014;1764.0;2407.0;3889.0;190;938.0;2628.0;133.0
29;BA;2008;3828;61.0;4485.0;2994.0;193.0;260.0;345.0;315.0;2833;2547.0;3876.0;4819.0;161;311.0;4137.0;34.0
28;SE;2008;368;1117.0;525.0;313.0;11.0;21.0;73.0;30.0;298;235.0;383.0;555.0;15;65.0;404.0;8.0
27;AL;2008;1596;426.0;1804.0;1142.0;55.0;71.0;58.0;83.0;1101;1018.0;1465.0;1887.0;41;55.0;1536.0;3.0
26;PE;2008;3449;1370.0;4140.0;2621.0;166.0;245.0;433.0;298.0;2482;2158.0;3641.0;4446.0;135;387.0;3888.0;45.0
25;PB;2008;750;3620.0;942.0;561.0;49.0;76.0;50.0;87.0;531;447.0;852.0;1029.0;30;42.0;928.0;8.0
43;RS;2009;1645;471.0;2017.0;1081.0;126.0;36.0;1775.0;225.0;980;858.0;409.0;2242.0;101;1589.0;445.0;186.0
51;MT;2009;573;951.0;905.0;469.0;44.0;55.0;247.0;94.0;425;309.0;682.0;1000.0;44;209.0;738.0;38.0
52;GO;2009;1260;1441.0;1733.0;977.0;76.0;117.0;410.0;165.0;915;740.0;1327.0;1902.0;62;365.0;1446.0;45.0
53;DF;2009;666;753.0;806.0;523.0;43.0;61.0;119.0;76.0;487;450.0;692.0;882.0;36;105.0;753.0;14.0
31;MG;2009;2603;1479.0;3340.0;2062.0;197.0;246.0;1055.0;402.0;1894;1646.0;2261.0;3742.0;168;923.0;2507.0;132.0
11;RO;2009;353;325.0;486.0;231.0;28.0;35.0;142.0;51.0;208;172.0;338.0;538.0;23;127.0;373.0;15.0
12;AC;2009;61;59.0;137.0;78.0;2.0;6.0;16.0;16.0;72;33.0;97.0;153.0;6;10.0;103.0;6.0
13;AM;2009;572;1953.0;849.0;540.0;28.0;60.0;44.0;67.0;519;359.0;786.0;916.0;21;37.0;846.0;7.0
14;RR;2009;27;1519.0;94.0;52.0;4.0;12.0;37.0;24.0;43;13.0;66.0;118.0;9;26.0;78.0;11.0
15;PA;2009;2038;435.0;2802.0;1717.0;84.0;152.0;213.0;180.0;1635;1242.0;2558.0;2989.0;82;189.0;2711.0;23.0
16;AP;2009;69;23.0;178.0;108.0;3.0;10.0;11.0;12.0;104;43.0;158.0;190.0;4;9.0;168.0;2.0
17;TO;2009;128;623.0;258.0;135.0;12.0;23.0;55.0;31.0;120;64.0;208.0;289.0;15;47.0;231.0;8.0
21;MA;2009;785;590.0;1311.0;775.0;32.0;67.0;161.0;87.0;737;458.0;1143.0;1398.0;38;142.0;1210.0;19.0
22;PI;2009;184;3805.0;354.0;205.0;14.0;22.0;56.0;31.0;193;117.0;296.0;385.0;12;49.0;318.0;7.0
23;CE;2009;1511;116.0;2025.0;1196.0;68.0;80.0;191.0;138.0;1130;917.0;1280.0;2165.0;64;166.0;1360.0;25.0
24;RN;2009;620;2470.0;743.0;455.0;30.0;38.0;132.0;57.0;434;379.0;574.0;800.0;21;115.0;612.0;17.0
25;PB;2009;1019;4136.0;1164.0;710.0;67.0;84.0;51.0;98.0;660;608.0;1069.0;1263.0;50;41.0;1153.0;10.0
26;PE;2009;3117;1418.0;3656.0;2281.0;186.0;252.0;370.0;304.0;2136;1939.0;3208.0;3963.0;145;328.0;3460.0;42.0
27;AL;2009;1560;544.0;1762.0;1115.0;81.0;96.0;48.0;111.0;1060;969.0;1499.0;1873.0;55;46.0;1595.0;2.0
28;SE;2009;451;1183.0;617.0;324.0;16.0;21.0;74.0;36.0;311;244.0;454.0;653.0;13;65.0;475.0;9.0
29;BA;2009;4361;66.0;5078.0;3427.0;220.0;284.0;333.0;345.0;3276;2971.0;4455.0;5432.0;151;301.0;4741.0;32.0
32;ES;2009;1548;170.0;1769.0;1164.0;130.0;152.0;251.0;216.0;1057;974.0;1215.0;1985.0;107;219.0;1367.0;32.0
33;RJ;2009;4009;3606.0;5000.0;2841.0;199.0;190.0;1684.0;350.0;2704;2205.0;3237.0;5365.0;137;1538.0;3430.0;145.0
35;SP;2009;3851;528.0;5882.0;2940.0;235.0;230.0;3799.0;660.0;2692;1974.0;2385.0;6557.0;248;3382.0;2618.0;413.0
41;PR;2009;2673;2406.0;3361.0;2078.0;199.0;57.0;2972.0;331.0;1920;1672.0;619.0;3698.0;158;2698.0;677.0;274.0
42;SC;2009;511;401.0;726.0;429.0;39.0;8.0;687.0;93.0;391;312.0;107.0;820.0;38;605.0;115.0;82.0
50;MS;2009;429;2931.0;660.0;354.0;28.0;25.0;316.0;65.0;328;244.0;374.0;725.0;26;276.0;399.0;40.0
26;PE;2010;2649;1265.0;3226.0;1977.0;152.0;197.0;257.0;247.0;1858;1612.0;2803.0;3473.0;119;228.0;3000.0;29.0
25;PB;2010;1208;4201.0;1336.0;834.0;79.0;98.0;56.0;119.0;782;733.0;1227.0;1455.0;52;48.0;1325.0;8.0
13;AM;2010;635;2373.0;1017.0;634.0;28.0;60.0;76.0;65.0;602;405.0;920.0;1082.0;32;71.0;980.0;5.0
12;AC;2010;63;56.0;146.0;74.0;7.0;13.0;28.0;19.0;67;34.0;83.0;165.0;7;25.0;96.0;3.0
11;RO;2010;351;333.0;508.0;226.0;17.0;23.0;142.0;37.0;216;162.0;364.0;546.0;10;131.0;388.0;11.0
24;RN;2010;611;2441.0;739.0;439.0;33.0;51.0;111.0;71.0;408;349.0;582.0;810.0;31;98.0;633.0;13.0
23;CE;2010;2057;122.0;2515.0;1494.0;103.0;111.0;299.0;173.0;1432;1219.0;1600.0;2688.0;62;272.0;1711.0;27.0
22;PI;2010;207;3912.0;371.0;195.0;16.0;28.0;55.0;40.0;184;115.0;299.0;411.0;11;45.0;327.0;10.0
21;MA;2010;827;578.0;1402.0;837.0;42.0;99.0;151.0;117.0;785;480.0;1242.0;1519.0;52;133.0;1341.0;18.0
17;TO;2010;131;534.0;293.0;178.0;9.0;30.0;41.0;34.0;160;68.0;250.0;327.0;18;38.0;280.0;3.0
16;AP;2010;103;27.0;244.0;168.0;5.0;14.0;28.0;16.0;164;72.0;191.0;260.0;4;26.0;205.0;2.0
15;PA;2010;2502;434.0;3286.0;1935.0;126.0;197.0;266.0;231.0;1819;1469.0;2998.0;3521.0;115;236.0;3198.0;30.0
14;RR;2010;29;1376.0;110.0;52.0;2.0;9.0;13.0;11.0;45;12.0;93.0;121.0;7;11.0;102.0;2.0
53;DF;2010;576;785.0;720.0;452.0;42.0;50.0;100.0;66.0;420;379.0;630.0;786.0;32;85.0;680.0;15.0
52;GO;2010;1317;1954.0;1795.0;1088.0;80.0;128.0;397.0;182.0;1003;803.0;1403.0;1979.0;85;349.0;1533.0;48.0
51;MT;2010;566;1129.0;890.0;462.0;27.0;54.0;243.0;80.0;434;310.0;667.0;972.0;28;217.0;722.0;26.0
50;MS;2010;344;2497.0;579.0;292.0;21.0;38.0;271.0;76.0;267;186.0;336.0;656.0;25;238.0;374.0;33.0
43;RS;2010;1496;441.0;1856.0;983.0;119.0;38.0;1623.0;227.0;891;787.0;398.0;2085.0;92;1438.0;436.0;185.0
42;SC;2010;483;322.0;712.0;380.0;42.0;15.0;673.0;110.0;338;255.0;114.0;823.0;42;578.0;129.0;94.0
41;PR;2010;2630;2259.0;3248.0;1970.0;189.0;51.0;2871.0;338.0;1805;1621.0;619.0;3586.0;165;2588.0;670.0;283.0
35;SP;2010;3469;538.0;5355.0;2671.0;232.0;223.0;3336.0;678.0;2389;1793.0;2219.0;6039.0;281;2911.0;2442.0;424.0
33;RJ;2010;4111;3233.0;5310.0;3020.0;191.0;196.0;1738.0;339.0;2888;2261.0;3484.0;5667.0;132;1610.0;3684.0;128.0
32;ES;2010;1359;191.0;1618.0;1036.0;94.0;128.0;265.0;174.0;957;875.0;1171.0;1792.0;79;231.0;1299.0;34.0
31;MG;2010;2456;1633.0;3236.0;1956.0;197.0;259.0;938.0;409.0;1772;1523.0;2256.0;3646.0;184;797.0;2515.0;141.0
29;BA;2010;4439;98.0;5398.0;3571.0;235.0;361.0;374.0;438.0;3357;2938.0;4781.0;5844.0;214;332.0;5145.0;42.0
28;SE;2010;452;1237.0;633.0;351.0;18.0;36.0;58.0;43.0;332;264.0;533.0;676.0;19;52.0;569.0;6.0
27;AL;2010;1721;607.0;1950.0;1287.0;88.0;104.0;48.0;137.0;1223;1118.0;1592.0;2087.0;64;42.0;1696.0;6.0
24;RN;2011;788;2222.0;978.0;596.0;44.0;56.0;151.0;76.0;559;481.0;757.0;1054.0;37;140.0;813.0;11.0
11;RO;2011;286;263.0;401.0;187.0;22.0;31.0;116.0;48.0;168;130.0;290.0;450.0;19;102.0;321.0;14.0
12;AC;2011;50;45.0;146.0;73.0;5.0;11.0;16.0;18.0;64;26.0;88.0;164.0;9;12.0;99.0;4.0
13;AM;2011;879;1968.0;1210.0;791.0;32.0;66.0;146.0;81.0;762;590.0;1065.0;1292.0;29;131.0;1131.0;15.0
14;RR;2011;25;1413.0;84.0;39.0;0.0;9.0;15.0;10.0;35;10.0;65.0;95.0;4;14.0;74.0;1.0
15;PA;2011;2077;493.0;2881.0;1758.0;106.0;154.0;245.0;186.0;1679;1292.0;2629.0;3073.0;79;217.0;2787.0;27.0
16;AP;2011;80;25.0;190.0;122.0;9.0;16.0;27.0;19.0;112;53.0;163.0;209.0;10;24.0;179.0;3.0
17;TO;2011;158;613.0;311.0;160.0;13.0;36.0;62.0;49.0;137;78.0;252.0;361.0;23;51.0;288.0;11.0
21;MA;2011;944;744.0;1460.0;820.0;51.0;109.0;204.0;131.0;765;515.0;1255.0;1591.0;55;184.0;1364.0;20.0
22;PI;2011;251;3228.0;408.0;223.0;10.0;28.0;55.0;32.0;212;147.0;327.0;440.0;11;51.0;355.0;4.0
23;CE;2011;2063;145.0;2603.0;1568.0;119.0;106.0;275.0;189.0;1485;1257.0;1541.0;2792.0;83;251.0;1647.0;24.0
25;PB;2011;1379;3913.0;1474.0;915.0;108.0;117.0;83.0;140.0;847;820.0;1324.0;1614.0;68;65.0;1441.0;18.0
26;PE;2011;2541;1247.0;3202.0;1928.0;143.0;223.0;222.0;261.0;1810;1538.0;2790.0;3471.0;116;200.0;3013.0;21.0
27;AL;2011;1913;847.0;2106.0;1321.0;94.0;114.0;74.0;138.0;1260;1178.0;1899.0;2244.0;61;67.0;2013.0;7.0
28;SE;2011;523;1446.0;671.0;371.0;30.0;50.0;58.0;60.0;343;292.0;621.0;731.0;28;49.0;671.0;9.0
29;BA;2011;4170;71.0;5089.0;3221.0;250.0;375.0;415.0;449.0;3017;2636.0;4402.0;5549.0;204;374.0;4780.0;40.0
31;MG;2011;3000;1819.0;3804.0;2250.0;220.0;283.0;1226.0;457.0;2058;1831.0;2622.0;4262.0;192;1061.0;2906.0;165.0
32;ES;2011;1352;241.0;1505.0;1005.0;105.0;104.0;241.0;167.0;918;887.0;1105.0;1672.0;87;201.0;1209.0;40.0
33;RJ;2011;3411;3068.0;4403.0;2409.0;177.0;223.0;1448.0;366.0;2264;1818.0;2933.0;4781.0;145;1319.0;3161.0;127.0
35;SP;2011;3262;568.0;5257.0;2505.0;192.0;179.0;3189.0;580.0;2304;1643.0;2293.0;5842.0;201;2808.0;2473.0;380.0
41;PR;2011;2365;2779.0;3086.0;1786.0;139.0;55.0;2660.0;283.0;1668;1410.0;599.0;3376.0;118;2440.0;654.0;220.0
42;SC;2011;483;333.0;737.0;389.0;33.0;5.0;675.0;74.0;355;273.0;123.0;811.0;34;607.0;128.0;68.0
43;RS;2011;1531;450.0;1869.0;1018.0;114.0;21.0;1605.0;202.0;926;829.0;427.0;2077.0;92;1424.0;448.0;180.0
50;MS;2011;368;2393.0;595.0;307.0;35.0;40.0;252.0;78.0;274;194.0;376.0;673.0;33;214.0;416.0;38.0
51;MT;2011;602;1271.0;920.0;474.0;34.0;60.0;254.0;87.0;439;320.0;679.0;1009.0;35;227.0;740.0;27.0
52;GO;2011;1579;1944.0;2005.0;1201.0;129.0;182.0;459.0;262.0;1098;941.0;1537.0;2272.0;103;392.0;1721.0;67.0
53;DF;2011;657;893.0;823.0;493.0;44.0;61.0;110.0;79.0;455;405.0;723.0;902.0;38;94.0;784.0;16.0
43;RS;2012;1737;454.0;2135.0;1149.0;135.0;39.0;1819.0;247.0;1041;918.0;475.0;2382.0;108;1617.0;514.0;202.0
50;MS;2012;337;2358.0;606.0;291.0;13.0;45.0;228.0;77.0;267;175.0;402.0;683.0;24;196.0;447.0;32.0
51;MT;2012;641;1135.0;972.0;544.0;37.0;62.0;253.0;100.0;498;375.0;732.0;1074.0;46;218.0;794.0;35.0
11;RO;2012;338;312.0;475.0;230.0;26.0;36.0;137.0;51.0;207;164.0;338.0;526.0;23;124.0;374.0;13.0
12;AC;2012;85;81.0;192.0;101.0;4.0;14.0;18.0;16.0;95;45.0;157.0;208.0;6;17.0;171.0;1.0
13;AM;2012;855;2013.0;1225.0;732.0;52.0;89.0;150.0;118.0;684;508.0;1094.0;1344.0;48;121.0;1183.0;28.0
14;RR;2012;32;1602.0;126.0;70.0;3.0;7.0;42.0;17.0;65;17.0;93.0;144.0;5;31.0;100.0;10.0
16;AP;2012;117;29.0;236.0;164.0;6.0;15.0;21.0;17.0;156;81.0;200.0;253.0;8;19.0;215.0;2.0
17;TO;2012;178;682.0;330.0;182.0;18.0;40.0;59.0;49.0;165;97.0;266.0;379.0;17;50.0;306.0;9.0
21;MA;2012;1152;824.0;1662.0;952.0;41.0;96.0;188.0;114.0;910;653.0;1459.0;1777.0;42;172.0;1555.0;16.0
22;PI;2012;311;3281.0;479.0;269.0;18.0;40.0;50.0;46.0;249;181.0;413.0;525.0;20;45.0;453.0;5.0
23;CE;2012;3135;160.0;3621.0;2329.0;142.0;110.0;249.0;219.0;2235;2031.0;1811.0;3841.0;94;223.0;1921.0;26.0
24;RN;2012;856;2262.0;1060.0;649.0;32.0;42.0;191.0;64.0;625;542.0;819.0;1124.0;24;175.0;861.0;16.0
25;PB;2012;1224;4329.0;1388.0;901.0;89.0;119.0;89.0;137.0;842;767.0;1176.0;1525.0;59;81.0;1295.0;8.0
53;DF;2012;725;1111.0;875.0;517.0;42.0;63.0;94.0;77.0;480;432.0;785.0;954.0;37;83.0;849.0;11.0
15;PA;2012;2138;618.0;2993.0;1799.0;119.0;202.0;248.0;232.0;1684;1310.0;2738.0;3236.0;114;221.0;2942.0;27.0
52;GO;2012;1955;2992.0;2540.0;1518.0;133.0;171.0;578.0;247.0;1394;1195.0;1963.0;2793.0;124;511.0;2134.0;67.0
26;PE;2012;2475;1229.0;3106.0;1815.0;116.0;185.0;182.0;216.0;1719;1448.0;2805.0;3327.0;95;161.0;2991.0;21.0
27;AL;2012;1737;803.0;1913.0;1231.0;100.0;116.0;85.0;133.0;1166;1099.0;1789.0;2046.0;65;73.0;1905.0;12.0
28;SE;2012;648;1820.0;817.0;474.0;30.0;52.0;74.0;62.0;451;385.0;748.0;879.0;23;65.0;800.0;9.0
29;BA;2012;4594;111.0;5702.0;3662.0;262.0;368.0;437.0;437.0;3460;2930.0;4989.0;6148.0;202;395.0;5358.0;42.0
31;MG;2012;3228;1637.0;4100.0;2512.0;216.0;303.0;1250.0;460.0;2296;2031.0;2896.0;4562.0;216;1102.0;3200.0;148.0
32;ES;2012;1335;293.0;1504.0;969.0;106.0;137.0;192.0;163.0;887;866.0;1205.0;1667.0;82;175.0;1342.0;17.0
33;RJ;2012;3472;3639.0;4386.0;2397.0;184.0;223.0;1367.0;365.0;2268;1900.0;2999.0;4772.0;129;1241.0;3228.0;125.0
35;SP;2012;3848;604.0;5920.0;2875.0;205.0;257.0;3520.0;640.0;2657;1957.0;2627.0;6566.0;218;3150.0;2885.0;370.0
41;PR;2012;2433;3012.0;3162.0;1870.0;166.0;68.0;2657.0;321.0;1732;1476.0;690.0;3489.0;138;2408.0;758.0;248.0
42;SC;2012;491;324.0;717.0;407.0;37.0;18.0;638.0;104.0;368;284.0;156.0;821.0;39;553.0;174.0;85.0
21;MA;2013;1397;1094.0;2031.0;1171.0;58.0;107.0;208.0;131.0;1114;790.0;1788.0;2163.0;57;184.0;1895.0;23.0
53;DF;2013;593;1338.0;759.0;465.0;39.0;66.0;81.0;78.0;430;382.0;681.0;837.0;35;69.0;747.0;12.0
52;GO;2013;2138;3455.0;2698.0;1598.0;141.0;191.0;624.0;271.0;1484;1293.0;2076.0;2975.0;114;557.0;2268.0;66.0
51;MT;2013;745;1174.0;1064.0;541.0;34.0;62.0;271.0;91.0;515;404.0;798.0;1158.0;26;243.0;860.0;28.0
50;MS;2013;318;2159.0;555.0;265.0;24.0;40.0;226.0;75.0;243;148.0;360.0;630.0;22;192.0;400.0;34.0
43;RS;2013;1714;405.0;2108.0;1078.0;112.0;33.0;1787.0;210.0;995;903.0;454.0;2322.0;83;1614.0;487.0;173.0
42;SC;2013;442;294.0;686.0;369.0;36.0;16.0;659.0;102.0;326;233.0;101.0;789.0;43;577.0;117.0;82.0
41;PR;2013;2025;3262.0;2653.0;1538.0;124.0;59.0;2312.0;283.0;1407;1193.0;540.0;2936.0;131;2089.0;599.0;223.0
35;SP;2013;3440;711.0;5403.0;2552.0;174.0;215.0;3225.0;620.0;2338;1694.0;2459.0;6035.0;214;2823.0;2676.0;401.0
33;RJ;2013;3555;3260.0;4687.0;2693.0;185.0;236.0;1443.0;387.0;2554;2014.0;3247.0;5111.0;139;1302.0;3492.0;137.0
32;ES;2013;1290;342.0;1451.0;985.0;114.0;129.0;237.0;171.0;905;869.0;1182.0;1622.0;80;201.0;1311.0;36.0
31;MG;2013;3468;1756.0;4286.0;2595.0;205.0;274.0;1264.0;427.0;2411;2180.0;3076.0;4717.0;183;1118.0;3350.0;145.0
29;BA;2013;4287;98.0;5260.0;3338.0;241.0;362.0;372.0;423.0;3142;2727.0;4709.0;5694.0;196;330.0;5072.0;42.0
28;SE;2013;732;1994.0;908.0;520.0;30.0;48.0;84.0;56.0;494;430.0;829.0;965.0;26;76.0;877.0;8.0
27;AL;2013;1860;662.0;2005.0;1313.0;103.0;117.0;113.0;142.0;1250;1177.0;1845.0;2148.0;62;94.0;1962.0;18.0
26;PE;2013;2299;1176.0;2867.0;1709.0;139.0;224.0;223.0;256.0;1589;1357.0;2572.0;3124.0;120;196.0;2796.0;27.0
25;PB;2013;1258;4039.0;1424.0;893.0;84.0;104.0;98.0;126.0;829;770.0;1187.0;1551.0;64;86.0;1292.0;12.0
24;RN;2013;1149;1901.0;1357.0;883.0;54.0;59.0;198.0;89.0;842;743.0;1064.0;1447.0;41;178.0;1124.0;20.0
23;CE;2013;3655;133.0;4195.0;2705.0;200.0;125.0;266.0;278.0;2558;2377.0;2088.0;4473.0;147;232.0;2213.0;34.0
22;PI;2013;365;3365.0;549.0;329.0;22.0;36.0;68.0;47.0;309;234.0;451.0;598.0;20;58.0;489.0;10.0
17;TO;2013;146;554.0;307.0;149.0;12.0;31.0;67.0;40.0;126;65.0;235.0;349.0;23;60.0;267.0;7.0
16;AP;2013;104;65.0;206.0;147.0;6.0;15.0;27.0;19.0;139;69.0;162.0;225.0;8;25.0;177.0;2.0
15;PA;2013;2229;701.0;3157.0;1785.0;121.0;190.0;276.0;231.0;1691;1253.0;2830.0;3405.0;93;240.0;3025.0;35.0
14;RR;2013;70;1602.0;178.0;78.0;5.0;14.0;71.0;36.0;69;31.0;123.0;214.0;9;50.0;137.0;21.0
12;AC;2013;95;86.0;202.0;119.0;9.0;29.0;23.0;32.0;107;58.0;165.0;234.0;12;20.0;194.0;3.0
11;RO;2013;300;282.0;431.0;212.0;18.0;28.0;151.0;52.0;192;147.0;288.0;483.0;20;131.0;316.0;20.0
13;AM;2013;695;2099.0;1095.0;659.0;33.0;71.0;144.0;96.0;628;443.0;955.0;1191.0;31;122.0;1026.0;22.0
50;MS;2014;357;2403.0;615.0;322.0;20.0;44.0;258.0;85.0;283;206.0;388.0;700.0;39;218.0;432.0;40.0
51;MT;2014;854;1171.0;1247.0;636.0;45.0;76.0;311.0;111.0;587;463.0;946.0;1358.0;49;278.0;1022.0;33.0
52;GO;2014;2054;3595.0;2591.0;1568.0;153.0;212.0;651.0;290.0;1439;1299.0;1986.0;2887.0;129;574.0;2198.0;77.0
53;DF;2014;631;1613.0;783.0;453.0;30.0;46.0;118.0;60.0;427;388.0;664.0;843.0;26;105.0;710.0;13.0
42;SC;2014;499;337.0;794.0;402.0;39.0;21.0;728.0;111.0;361;254.0;138.0;905.0;41;640.0;159.0;88.0
27;AL;2014;1806;729.0;1960.0;1243.0;85.0;118.0;75.0;125.0;1176;1117.0;1829.0;2085.0;67;71.0;1947.0;4.0
26;PE;2014;2543;1203.0;3113.0;1881.0;138.0;203.0;377.0;239.0;1768;1557.0;2704.0;3358.0;113;344.0;2907.0;33.0
25;PB;2014;1253;4451.0;1433.0;869.0;81.0;98.0;85.0;117.0;812;759.0;1244.0;1551.0;57;72.0;1342.0;13.0
24;RN;2014;1314;1932.0;1500.0;1002.0;68.0;71.0;215.0;102.0;954;883.0;1233.0;1602.0;48;194.0;1304.0;21.0
41;PR;2014;2071;3204.0;2694.0;1473.0;138.0;63.0;2344.0;284.0;1356;1184.0;541.0;2980.0;117;2126.0;604.0;218.0
43;RS;2014;2055;460.0;2474.0;1323.0;129.0;51.0;2056.0;250.0;1247;1083.0;577.0;2724.0;76;1860.0;628.0;196.0
35;SP;2014;3541;809.0;5561.0;2751.0;199.0;227.0;3205.0;612.0;2542;1857.0;2612.0;6185.0;209;2833.0;2840.0;371.0
33;RJ;2014;3642;3335.0;5196.0;3027.0;215.0;283.0;1529.0;464.0;2869;2045.0;3666.0;5718.0;157;1364.0;3954.0;164.0
32;ES;2014;1292;430.0;1469.0;958.0;89.0;110.0;243.0;140.0;889;842.0;1206.0;1609.0;69;218.0;1316.0;25.0
31;MG;2014;3377;1721.0;4319.0;2573.0;171.0;259.0;1216.0;403.0;2405;2126.0;3153.0;4724.0;168;1075.0;3412.0;141.0
29;BA;2014;4671;144.0;5659.0;3553.0;216.0;323.0;417.0;385.0;3405;2965.0;5095.0;6052.0;148;367.0;5419.0;50.0
28;SE;2014;898;1899.0;1023.0;623.0;50.0;65.0;88.0;74.0;596;552.0;938.0;1097.0;27;79.0;1003.0;9.0
21;MA;2014;1688;1246.0;2307.0;1311.0;75.0;129.0;236.0;152.0;1248;962.0;2048.0;2462.0;62;215.0;2179.0;21.0
17;TO;2014;176;601.0;342.0;188.0;13.0;29.0;71.0;35.0;173;101.0;267.0;381.0;14;64.0;296.0;6.0
16;AP;2014;152;43.0;236.0;162.0;8.0;19.0;15.0;20.0;149;99.0;213.0;256.0;13;14.0;232.0;1.0
15;PA;2014;2305;848.0;3189.0;1821.0;132.0;221.0;216.0;249.0;1705;1331.0;2912.0;3446.0;116;194.0;3135.0;21.0
14;RR;2014;47;1926.0;133.0;56.0;4.0;10.0;61.0;24.0;51;22.0;83.0;158.0;5;46.0;93.0;14.0
13;AM;2014;762;2170.0;1159.0;678.0;33.0;64.0;105.0;80.0;644;451.0;1038.0;1240.0;34;92.0;1102.0;13.0
23;CE;2014;3795;162.0;4341.0;2831.0;200.0;145.0;276.0;285.0;2696;2484.0;2362.0;4626.0;135;251.0;2507.0;25.0
22;PI;2014;455;3415.0;654.0;392.0;25.0;51.0;44.0;63.0;369;284.0;538.0;717.0;23;40.0;589.0;4.0
11;RO;2014;402;373.0;521.0;229.0;28.0;38.0;142.0;56.0;209;176.0;386.0;578.0;20;127.0;424.0;15.0
12;AC;2014;115;109.0;212.0;111.0;6.0;16.0;39.0;20.0;101;59.0;171.0;232.0;10;35.0;187.0;4.0
28;SE;2015;1108;2024.0;1233.0;716.0;53.0;64.0;77.0;70.0;693;637.0;1157.0;1303.0;23;72.0;1221.0;5.0
53;DF;2015;489;1649.0;682.0;382.0;24.0;45.0;133.0;58.0;360;310.0;551.0;742.0;22;120.0;598.0;13.0
11;RO;2015;383;348.0;537.0;261.0;35.0;49.0;142.0;63.0;234;178.0;397.0;600.0;27;129.0;446.0;13.0
14;RR;2015;57;2124.0;174.0;77.0;7.0;10.0;53.0;29.0;69;30.0;138.0;203.0;8;36.0;148.0;17.0
15;PA;2015;2539;1055.0;3401.0;1936.0;144.0;236.0;222.0;261.0;1827;1462.0;3138.0;3675.0;109;202.0;3375.0;20.0
16;AP;2015;154;50.0;275.0;165.0;7.0;13.0;15.0;18.0;159;96.0;251.0;293.0;6;12.0;264.0;3.0
17;TO;2015;276;465.0;454.0;243.0;13.0;39.0;100.0;48.0;227;152.0;342.0;503.0;16;92.0;381.0;8.0
51;MT;2015;769;1190.0;1082.0;529.0;50.0;88.0;251.0;118.0;481;392.0;843.0;1203.0;48;221.0;931.0;30.0
50;MS;2015;316;2930.0;576.0;264.0;19.0;38.0;225.0;58.0;241;171.0;367.0;634.0;23;205.0;405.0;20.0
43;RS;2015;2282;536.0;2660.0;1391.0;158.0;55.0;2247.0;284.0;1291;1189.0;601.0;2944.0;100;2024.0;656.0;223.0
32;ES;2015;1093;367.0;1308.0;830.0;78.0;107.0;187.0;141.0;775;709.0;1061.0;1450.0;55;163.0;1168.0;24.0
31;MG;2015;3214;1415.0;4114.0;2378.0;204.0;267.0;1149.0;415.0;2213;1972.0;3033.0;4532.0;165;1009.0;3300.0;139.0
29;BA;2015;4555;147.0;5619.0;3559.0;219.0;331.0;375.0;382.0;3408;2866.0;5112.0;6012.0;151;333.0;5446.0;42.0
13;AM;2015;930;2389.0;1357.0;809.0;44.0;96.0;118.0;115.0;755;549.0;1242.0;1472.0;54;100.0;1338.0;18.0
12;AC;2015;116;111.0;198.0;105.0;5.0;14.0;30.0;19.0;94;65.0;169.0;217.0;11;25.0;183.0;5.0
21;MA;2015;1718;1181.0;2286.0;1257.0;67.0;115.0;267.0;148.0;1200;968.0;2003.0;2438.0;56;240.0;2118.0;27.0
22;PI;2015;400;2978.0;582.0;328.0;33.0;56.0;60.0;67.0;300;232.0;487.0;650.0;28;52.0;544.0;8.0
23;CE;2015;3393;263.0;3909.0;2450.0;166.0;154.0;231.0;254.0;2350;2166.0;2118.0;4163.0;100;210.0;2272.0;21.0
24;RN;2015;1238;1877.0;1453.0;939.0;57.0;76.0;156.0;92.0;899;804.0;1207.0;1545.0;40;147.0;1283.0;9.0
25;PB;2015;1264;4330.0;1406.0;828.0;73.0;84.0;90.0;111.0;771;737.0;1222.0;1522.0;57;76.0;1306.0;14.0
26;PE;2015;3065;1014.0;3606.0;2143.0;128.0;198.0;402.0;233.0;2036;1823.0;3173.0;3847.0;103;370.0;3373.0;32.0
27;AL;2015;1476;886.0;1653.0;1049.0;61.0;90.0;55.0;95.0;1009;928.0;1566.0;1748.0;40;54.0;1656.0;1.0
52;GO;2015;2161;3227.0;2734.0;1618.0;134.0;176.0;677.0;255.0;1516;1328.0;2087.0;2997.0;102;601.0;2263.0;76.0
33;RJ;2015;3182;2919.0;4651.0;2761.0;196.0;233.0;1390.0;387.0;2627;1835.0;3283.0;5067.0;134;1238.0;3517.0;150.0
35;SP;2015;3097;718.0;4860.0;2333.0;175.0;201.0;2765.0;559.0;2164;1556.0;2336.0;5427.0;169;2414.0;2537.0;349.0
41;PR;2015;1972;3010.0;2691.0;1471.0;94.0;49.0;2241.0;244.0;1383;1149.0;611.0;2936.0;88;2048.0;660.0;193.0
42;SC;2015;570;297.0;860.0;442.0;34.0;18.0;741.0;97.0;407;308.0;185.0;957.0;35;662.0;203.0;79.0
25;PB;2016;1060;5188.0;1248.0;699.0;62.0;88.0;83.0;107.0;654;597.0;1099.0;1355.0;45;68.0;1187.0;15.0
24;RN;2016;1569;2020.0;1754.0;1129.0;76.0;74.0;204.0;100.0;1079;997.0;1479.0;1854.0;50;185.0;1553.0;19.0
53;DF;2016;516;1540.0;696.0;409.0;31.0;53.0;132.0;64.0;379;336.0;569.0;760.0;30;121.0;622.0;11.0
52;GO;2016;2143;2769.0;2789.0;1675.0;128.0;180.0;638.0;238.0;1575;1346.0;2168.0;3036.0;99;582.0;2349.0;54.0
51;MT;2016;752;998.0;1074.0;516.0;38.0;77.0;244.0;104.0;480;386.0;845.0;1180.0;36;218.0;922.0;26.0
50;MS;2016;326;3328.0;591.0;274.0;25.0;46.0;245.0;80.0;248;159.0;369.0;671.0;26;211.0;415.0;34.0
43;RS;2016;2507;561.0;2913.0;1608.0;190.0;50.0;2413.0;308.0;1487;1352.0;707.0;3225.0;121;2163.0;757.0;250.0
42;SC;2016;611;301.0;877.0;475.0;50.0;27.0;734.0;107.0;437;344.0;213.0;984.0;38;654.0;240.0;80.0
21;MA;2016;1625;1493.0;2247.0;1212.0;84.0;133.0;271.0;159.0;1157;873.0;1963.0;2408.0;55;247.0;2097.0;24.0
17;TO;2016;312;485.0;532.0;281.0;14.0;30.0;97.0;45.0;263;182.0;426.0;577.0;18;87.0;456.0;10.0
16;AP;2016;222;65.0;364.0;233.0;7.0;15.0;13.0;17.0;228;153.0;347.0;381.0;5;11.0;362.0;2.0
15;PA;2016;3048;1220.0;3921.0;2266.0;178.0;274.0;257.0;294.0;2137;1776.0;3597.0;4223.0;129;243.0;3871.0;14.0
14;RR;2016;72;2314.0;179.0;92.0;7.0;10.0;47.0;25.0;83;38.0;145.0;204.0;9;33.0;155.0;14.0
13;AM;2016;791;2866.0;1335.0;782.0;43.0;93.0;106.0;116.0;729;480.0;1231.0;1452.0;53;84.0;1324.0;22.0
23;CE;2016;2908;298.0;3424.0;2102.0;139.0;149.0;209.0;218.0;1999;1794.0;2363.0;3642.0;103;195.0;2512.0;14.0
12;AC;2016;226;215.0;340.0;194.0;11.0;19.0;43.0;23.0;181;127.0;288.0;363.0;13;39.0;307.0;4.0
11;RO;2016;465;438.0;649.0;261.0;27.0;34.0;176.0;54.0;246;185.0;483.0;703.0;15;158.0;517.0;18.0
41;PR;2016;2125;3151.0;2841.0;1574.0;105.0;44.0;2370.0;238.0;1494;1224.0;619.0;3080.0;80;2180.0;663.0;190.0
35;SP;2016;2720;713.0;4358.0;2017.0;156.0;200.0;2586.0;507.0;1860;1334.0;2017.0;4870.0;157;2284.0;2219.0;302.0
33;RJ;2016;4019;2562.0;5569.0;3386.0;202.0;276.0;1530.0;428.0;3252;2343.0;4076.0;6053.0;134;1383.0;4363.0;142.0
32;ES;2016;968;417.0;1166.0;707.0;57.0;81.0;144.0;104.0;670;622.0;943.0;1270.0;37;126.0;1024.0;18.0
31;MG;2016;3321;1473.0;4246.0;2513.0;169.0;247.0;1177.0;375.0;2365;2047.0;3099.0;4622.0;148;1054.0;3346.0;122.0
29;BA;2016;5449;215.0;6728.0;4358.0;261.0;379.0;442.0;441.0;4165;3509.0;6132.0;7171.0;193;392.0;6512.0;50.0
28;SE;2016;1259;2012.0;1404.0;869.0;39.0;54.0;78.0;60.0;847;789.0;1330.0;1465.0;22;73.0;1384.0;5.0
27;AL;2016;1546;748.0;1718.0;1079.0;72.0;91.0;34.0;101.0;1038;959.0;1665.0;1820.0;41;28.0;1757.0;6.0
26;PE;2016;3475;911.0;4160.0;2512.0;146.0;238.0;529.0;282.0;2381;2105.0;3618.0;4447.0;131;490.0;3858.0;39.0
22;PI;2016;440;3801.0;650.0;367.0;22.0;43.0;48.0;50.0;350;265.0;563.0;701.0;17;45.0;606.0;3.0
23;CE;2017;4698;299.0;5059.0;3348.0;282.0;325.0;323.0;374.0;3146;3030.0;4580.0;5433.0;202;291.0;4905.0;32.0
22;PI;2017;376;4174.0;573.0;313.0;25.0;39.0;55.0;52.0;293;220.0;509.0;626.0;20;46.0;549.0;9.0
21;MA;2017;1483;1804.0;2051.0;1112.0;56.0;113.0;181.0;127.0;1063;822.0;1855.0;2180.0;49;169.0;1968.0;12.0
17;TO;2017;318;376.0;517.0;303.0;18.0;30.0;103.0;38.0;282;195.0;407.0;557.0;21;96.0;437.0;7.0
16;AP;2017;177;89.0;356.0;236.0;9.0;23.0;24.0;27.0;224;112.0;328.0;383.0;12;22.0;351.0;2.0
15;PA;2017;3362;1049.0;4255.0;2451.0;202.0;286.0;329.0;311.0;2322;1939.0;3858.0;4575.0;129;308.0;4144.0;21.0
14;RR;2017;93;2403.0;221.0;100.0;4.0;16.0;61.0;27.0;87;44.0;169.0;248.0;13;50.0;185.0;11.0
13;AM;2017;975;3157.0;1559.0;943.0;51.0;98.0;146.0;115.0;897;605.0;1418.0;1674.0;46;130.0;1516.0;16.0
12;AC;2017;384;366.0;481.0;297.0;17.0;24.0;77.0;34.0;281;236.0;404.0;516.0;16;68.0;428.0;9.0
11;RO;2017;373;342.0;491.0;228.0;30.0;40.0;145.0;62.0;206;179.0;357.0;554.0;22;123.0;397.0;22.0
53;DF;2017;401;1425.0;564.0;325.0;25.0;34.0;121.0;46.0;308;256.0;452.0;610.0;17;109.0;486.0;12.0
52;GO;2017;2057;4416.0;2638.0;1601.0;129.0;190.0;561.0;256.0;1491;1286.0;2094.0;2901.0;110;501.0;2284.0;59.0
51;MT;2017;669;1003.0;1010.0;463.0;40.0;70.0;244.0;92.0;432;332.0;780.0;1102.0;31;222.0;850.0;22.0
50;MS;2017;327;4287.0;597.0;275.0;21.0;33.0;237.0;61.0;250;158.0;385.0;659.0;25;209.0;418.0;28.0
43;RS;2017;2591;618.0;3014.0;1639.0;188.0;61.0;2449.0;302.0;1525;1405.0;772.0;3316.0;114;2211.0;833.0;238.0
42;SC;2017;653;305.0;957.0;527.0;35.0;23.0;787.0;109.0;480;360.0;247.0;1066.0;47;701.0;270.0;86.0
41;PR;2017;1832;2921.0;2511.0;1361.0;110.0;33.0;2045.0;247.0;1263;1021.0;647.0;2759.0;98;1838.0;680.0;207.0
35;SP;2017;2518;629.0;4134.0;1955.0;163.0;166.0;2415.0;495.0;1798;1233.0;2002.0;4631.0;157;2094.0;2168.0;321.0
33;RJ;2017;4411;2354.0;5956.0;3576.0;219.0;260.0;1634.0;401.0;3439;2560.0;4378.0;6416.0;137;1497.0;4650.0;136.0
32;ES;2017;1227;351.0;1369.0;848.0;89.0;116.0;187.0;151.0;789;771.0;1098.0;1521.0;59;161.0;1214.0;26.0
31;MG;2017;3067;1449.0;3911.0;2217.0;146.0;261.0;1096.0;388.0;2088;1814.0;2885.0;4299.0;129;974.0;3146.0;122.0
29;BA;2017;5427;168.0;6986.0;4522.0;286.0;417.0;484.0;487.0;4313;3444.0;6377.0;7487.0;208;428.0;6798.0;55.0
28;SE;2017;1106;1924.0;1236.0;767.0;57.0;64.0;79.0;77.0;728;690.0;1168.0;1313.0;39;67.0;1232.0;12.0
27;AL;2017;1526;924.0;1702.0;1134.0;77.0;104.0;30.0;111.0;1091;993.0;1636.0;1813.0;43;29.0;1740.0;1.0
26;PE;2017;4478;1137.0;5104.0;3167.0;189.0;257.0;630.0;310.0;3029;2756.0;4462.0;5419.0;136;580.0;4720.0;50.0
25;PB;2017;1054;5136.0;1253.0;709.0;51.0;76.0;96.0;88.0;668;591.0;1151.0;1341.0;41;85.0;1227.0;11.0
24;RN;2017;1927;1722.0;2054.0;1366.0;122.0;129.0;195.0;148.0;1279;1250.0;1798.0;2203.0;87;178.0;1928.0;17.0
24;RN;2018;1639;1431.0;1723.0;1067.0;78.0;85.0;207.0;102.0;1024;1007.0;1509.0;1825.0;43;193.0;1594.0;14.0
31;MG;2018;2237;1135.0;3022.0;1626.0;137.0;241.0;833.0;349.0;1497;1303.0;2265.0;3372.0;129;728.0;2506.0;105.0
21;MA;2018;1284;1561.0;1856.0;976.0;50.0;109.0;181.0;122.0;935;698.0;1656.0;1982.0;41;170.0;1767.0;11.0
17;TO;2018;321;308.0;520.0;296.0;19.0;36.0;90.0;47.0;278;191.0;430.0;570.0;18;81.0;466.0;9.0
16;AP;2018;241;171.0;411.0;279.0;9.0;12.0;26.0;15.0;273;162.0;377.0;426.0;6;24.0;389.0;2.0
15;PA;2018;3439;934.0;4185.0;2418.0;197.0;282.0;301.0;323.0;2285;2004.0;3827.0;4528.0;132;269.0;4113.0;32.0
14;RR;2018;181;1927.0;360.0;224.0;9.0;26.0;103.0;53.0;207;124.0;282.0;414.0;17;76.0;308.0;26.0
13;AM;2018;961;3231.0;1415.0;859.0;51.0;110.0;121.0;127.0;795;599.0;1300.0;1542.0;64;106.0;1410.0;15.0
12;AC;2018;311;289.0;374.0;235.0;22.0;28.0;49.0;35.0;222;189.0;322.0;409.0;13;43.0;350.0;6.0
11;RO;2018;300;279.0;432.0;184.0;20.0;28.0;118.0;42.0;168;138.0;323.0;476.0;16;103.0;351.0;14.0
32;ES;2018;891;358.0;1063.0;618.0;55.0;76.0;131.0;100.0;577;548.0;887.0;1165.0;41;111.0;964.0;20.0
33;RJ;2018;4261;1891.0;6013.0;3724.0;198.0;242.0;1619.0;380.0;3574;2513.0;4448.0;6455.0;150;1488.0;4705.0;130.0
35;SP;2018;2009;535.0;3269.0;1461.0;116.0;176.0;1909.0;454.0;1322;959.0;1571.0;3727.0;139;1642.0;1747.0;267.0
41;PR;2018;1520;2100.0;2232.0;1155.0;89.0;63.0;1747.0;211.0;1079;813.0;607.0;2443.0;76;1601.0;670.0;146.0
42;SC;2018;444;222.0;751.0;393.0;32.0;17.0;665.0;91.0;356;249.0;157.0;843.0;37;591.0;174.0;74.0
43;RS;2018;2075;411.0;2441.0;1291.0;147.0;54.0;1987.0;256.0;1189;1094.0;619.0;2699.0;102;1786.0;673.0;201.0
50;MS;2018;243;3227.0;506.0;239.0;21.0;38.0;210.0;66.0;214;119.0;320.0;572.0;25;182.0;358.0;28.0
51;MT;2018;566;949.0;901.0;425.0;31.0;71.0;209.0;88.0;395;295.0;695.0;989.0;30;193.0;766.0;16.0
25;PB;2018;1006;4714.0;1161.0;652.0;56.0;71.0;65.0;82.0;618;557.0;1085.0;1244.0;34;55.0;1156.0;10.0
52;GO;2018;1860;3825.0;2448.0;1442.0;117.0;154.0;545.0;220.0;1354;1168.0;1929.0;2675.0;88;482.0;2086.0;63.0
26;PE;2018;3369;836.0;3942.0;2269.0;137.0;189.0;555.0;240.0;2168;1979.0;3387.0;4190.0;101;509.0;3578.0;46.0
27;AL;2018;1179;910.0;1374.0;843.0;44.0;55.0;25.0;67.0;818;727.0;1120.0;1441.0;25;22.0;1175.0;3.0
53;DF;2018;329;1233.0;473.0;271.0;20.0;35.0;115.0;55.0;257;210.0;372.0;530.0;13;97.0;408.0;18.0
28;SE;2018;959;1741.0;1093.0;663.0;25.0;34.0;54.0;40.0;653;603.0;1045.0;1133.0;10;48.0;1079.0;6.0
29;BA;2018;4977;232.0;6351.0;4141.0;257.0;369.0;430.0;427.0;3956;3163.0;5717.0;6787.0;185;386.0;6089.0;44.0
22;PI;2018;373;4056.0;565.0;310.0;14.0;43.0;46.0;52.0;289;213.0;488.0;619.0;21;41.0;531.0;5.0
23;CE;2018;4204;302.0;4425.0;2812.0;379.0;426.0;388.0;475.0;2561;2532.0;4051.0;4900.0;251;341.0;4477.0;47.0
26;PE;2019;2713;739.0;3265.0;1882.0;127.0;158.0;522.0;204.0;1791;1597.0;2749.0;3474.0;91;477.0;2908.0;45.0
31;MG;2019;1878;786.0;2598.0;1349.0;120.0;207.0;734.0;295.0;1252;1083.0;1938.0;2893.0;97;648.0;2145.0;86.0
11;RO;2019;264;250.0;401.0;154.0;13.0;31.0;114.0;43.0;140;102.0;295.0;447.0;14;103.0;327.0;11.0
12;AC;2019;222;205.0;290.0;174.0;17.0;25.0;35.0;32.0;163;123.0;252.0;325.0;11;30.0;277.0;5.0
13;AM;2019;981;2200.0;1472.0;917.0;49.0;93.0;197.0;118.0;861;628.0;1284.0;1592.0;56;172.0;1377.0;25.0
14;RR;2019;83;1468.0;201.0;99.0;6.0;19.0;62.0;33.0;88;46.0;148.0;234.0;11;48.0;167.0;14.0
15;PA;2019;2342;743.0;3155.0;1791.0;135.0;204.0;222.0;232.0;1690;1359.0;2887.0;3405.0;100;201.0;3093.0;21.0
16;AP;2019;228;77.0;342.0;251.0;10.0;17.0;9.0;19.0;242;167.0;330.0;361.0;9;8.0;347.0;1.0
17;TO;2019;250;237.0;420.0;224.0;16.0;32.0;76.0;36.0;211;150.0;337.0;456.0;13;73.0;369.0;3.0
21;MA;2019;1074;1106.0;1584.0;801.0;44.0;93.0;186.0;114.0;753;567.0;1402.0;1704.0;47;165.0;1498.0;19.0
22;PI;2019;350;2210.0;520.0;243.0;17.0;35.0;54.0;47.0;226;183.0;454.0;569.0;17;43.0;489.0;11.0
23;CE;2019;1900;234.0;2196.0;1285.0;159.0;199.0;170.0;221.0;1179;1108.0;2036.0;2417.0;106;149.0;2235.0;21.0
24;RN;2019;1181;1104.0;1248.0;760.0;75.0;84.0;127.0;98.0;719;700.0;1110.0;1346.0;41;116.0;1194.0;11.0
25;PB;2019;722;4343.0;880.0;441.0;39.0;53.0;56.0;72.0;420;371.0;800.0;953.0;21;45.0;853.0;11.0
27;AL;2019;833;930.0;1025.0;620.0;47.0;89.0;9.0;90.0;581;507.0;993.0;1115.0;39;9.0;1082.0;0.0
28;SE;2019;771;1390.0;920.0;556.0;28.0;50.0;39.0;53.0;537;477.0;884.0;973.0;19;36.0;934.0;3.0
29;BA;2019;4596;218.0;5717.0;3599.0;250.0;358.0;333.0;396.0;3416;2880.0;5264.0;6118.0;183;303.0;5622.0;30.0
33;RJ;2019;2321;1624.0;3316.0;2013.0;107.0;131.0;937.0;217.0;1936;1381.0;2435.0;3552.0;77;851.0;2568.0;86.0
35;SP;2019;1742;457.0;2954.0;1316.0;118.0;149.0;1626.0;405.0;1194;854.0;1535.0;3361.0;122;1377.0;1684.0;249.0
41;PR;2019;1190;1758.0;1891.0;960.0;86.0;57.0;1477.0;204.0;892;592.0;542.0;2095.0;68;1332.0;599.0;145.0
42;SC;2019;381;202.0;653.0;338.0;46.0;26.0;574.0;114.0;292;203.0;163.0;767.0;46;488.0;189.0;86.0
43;RS;2019;1602;335.0;1946.0;996.0;132.0;52.0;1623.0;236.0;909;823.0;463.0;2184.0;87;1446.0;515.0;177.0
50;MS;2019;216;2584.0;430.0;191.0;14.0;26.0;181.0;61.0;174;98.0;280.0;491.0;17;146.0;306.0;35.0
51;MT;2019;490;682.0;808.0;366.0;33.0;56.0;185.0;84.0;336;247.0;639.0;895.0;30;157.0;696.0;27.0
52;GO;2019;1457;1741.0;2089.0;1188.0;67.0;115.0;465.0;161.0;1131;881.0;1627.0;2253.0;57;422.0;1742.0;43.0
53;DF;2019;257;1028.0;425.0;244.0;20.0;36.0;101.0;55.0;226;169.0;339.0;480.0;18;83.0;375.0;18.0
32;ES;2019;781;331.0;946.0;569.0;42.0;73.0;103.0;97.0;538;501.0;802.0;1043.0;31;90.0;875.0;13.0
53;DF;2020;248;1379.0;418.0;219.0;16.0;20.0;122.0;35.0;207;144.0;306.0;453.0;12;107.0;326.0;15.0
29;BA;2020;5088;210.0;6627.0;4250.0;279.0;387.0;403.0;444.0;4032;3200.0;6124.0;7076.0;218;360.0;6511.0;43.0
31;MG;2020;1702;827.0;2473.0;1287.0;99.0;166.0;762.0;270.0;1201;980.0;1789.0;2743.0;86;660.0;1955.0;102.0
32;ES;2020;930;411.0;1122.0;668.0;58.0;78.0;139.0;101.0;618;578.0;865.0;1229.0;50;122.0;943.0;16.0
33;RJ;2020;2740;1677.0;4483.0;2554.0;123.0;196.0;1145.0;285.0;2449;1553.0;3387.0;4831.0;104;1056.0;3606.0;85.0
35;SP;2020;1785;544.0;2998.0;1258.0;108.0;146.0;1701.0;397.0;1131;822.0;1505.0;3396.0;127;1453.0;1651.0;248.0
41;PR;2020;1411;1603.0;2083.0;1062.0;93.0;52.0;1517.0;197.0;985;706.0;692.0;2281.0;77;1372.0;744.0;145.0
42;SC;2020;372;182.0;646.0;316.0;31.0;18.0;539.0;86.0;285;190.0;168.0;732.0;31;472.0;186.0;67.0
43;RS;2020;1545;341.0;1876.0;932.0;122.0;49.0;1541.0;214.0;859;768.0;474.0;2094.0;73;1377.0;523.0;162.0
50;MS;2020;207;2943.0;420.0;177.0;25.0;38.0;173.0;71.0;151;90.0;278.0;491.0;26;141.0;316.0;32.0
51;MT;2020;584;863.0;878.0;430.0;40.0;79.0;207.0;105.0;395;309.0;689.0;987.0;35;182.0;770.0;25.0
52;GO;2020;1391;3189.0;2040.0;1190.0;54.0;93.0;440.0;134.0;1135;876.0;1594.0;2177.0;55;404.0;1687.0;36.0
28;SE;2020;821;1337.0;938.0;562.0;26.0;37.0;50.0;43.0;544;511.0;891.0;981.0;18;44.0;928.0;6.0
26;PE;2020;3079;869.0;3558.0;2059.0;134.0;181.0;537.0;223.0;1957;1795.0;3040.0;3786.0;101;497.0;3221.0;40.0
25;PB;2020;919;4808.0;1047.0;527.0;56.0;75.0;83.0;94.0;487;457.0;929.0;1141.0;40;67.0;1004.0;16.0
24;RN;2020;1222;1318.0;1324.0;797.0;65.0;66.0;123.0;81.0;758;724.0;1169.0;1406.0;39;110.0;1236.0;13.0
23;CE;2020;3443;262.0;3672.0;2344.0;253.0;295.0;222.0;319.0;2189;2123.0;3457.0;3992.0;155;201.0;3752.0;21.0
22;PI;2020;437;2606.0;615.0;333.0;23.0;41.0;76.0;54.0;312;254.0;521.0;674.0;21;66.0;562.0;10.0
21;MA;2020;1447;1157.0;1961.0;1013.0;67.0;123.0;217.0;140.0;960;786.0;1736.0;2103.0;53;201.0;1860.0;16.0
17;TO;2020;278;232.0;448.0;246.0;16.0;29.0;76.0;35.0;231;164.0;370.0;484.0;15;70.0;399.0;6.0
16;AP;2020;222;95.0;365.0;244.0;12.0;21.0;18.0;22.0;234;147.0;345.0;387.0;10;17.0;366.0;1.0
15;PA;2020;1886;795.0;2605.0;1454.0;99.0;166.0;199.0;193.0;1369;1101.0;2381.0;2809.0;84;176.0;2547.0;23.0
14;RR;2020;102;1420.0;199.0;102.0;7.0;15.0;68.0;35.0;92;56.0;150.0;237.0;10;48.0;166.0;18.0
13;AM;2020;782;1782.0;1241.0;725.0;39.0;66.0;143.0;85.0;680;485.0;1093.0;1326.0;45;125.0;1159.0;18.0
12;AC;2020;228;211.0;273.0;164.0;16.0;21.0;38.0;27.0;149;134.0;232.0;304.0;15;32.0;253.0;6.0
11;RO;2020;256;239.0;402.0;141.0;17.0;39.0;101.0;54.0;126;94.0;311.0;456.0;15;89.0;350.0;12.0
27;AL;2020;869;743.0;1203.0;760.0;42.0;88.0;10.0;89.0;721;546.0;1165.0;1292.0;39;10.0;1253.0;0.0
28;SE;2021;662;960.0;751.0;435.0;21.0;34.0;47.0;37.0;420;394.0;707.0;790.0;14;44.0;742.0;3.0
29;BA;2021;5294;303.0;6740.0;4284.0;292.0;401.0;402.0;463.0;4081;3267.0;6302.0;7206.0;203;351.0;6703.0;51.0
52;GO;2021;1012;2709.0;1664.0;909.0;51.0;95.0;380.0;145.0;860;604.0;1304.0;1812.0;48;333.0;1401.0;47.0
43;RS;2021;1379;342.0;1656.0;771.0;118.0;45.0;1406.0;230.0;703;639.0;411.0;1889.0;68;1223.0;456.0;182.0
50;MS;2021;273;2646.0;484.0;208.0;35.0;42.0;160.0;66.0;193;124.0;346.0;551.0;15;135.0;388.0;24.0
51;MT;2021;529;887.0;806.0;373.0;30.0;62.0;210.0;81.0;348;261.0;610.0;888.0;25;191.0;672.0;19.0
53;DF;2021;193;1376.0;355.0;168.0;15.0;27.0;87.0;46.0;160;112.0;277.0;401.0;8;69.0;304.0;18.0
31;MG;2021;1594;707.0;2327.0;1125.0;86.0;159.0;699.0;249.0;1051;858.0;1688.0;2577.0;74;611.0;1847.0;88.0
32;ES;2021;892;519.0;1127.0;567.0;62.0;88.0;151.0;125.0;536;496.0;874.0;1253.0;30;126.0;963.0;25.0
33;RJ;2021;2999;1556.0;4381.0;2622.0;112.0;179.0;1144.0;284.0;2527;1726.0;3312.0;4693.0;95;1038.0;3500.0;105.0
35;SP;2021;1648;498.0;2742.0;1093.0;92.0;131.0;1537.0;342.0;1007;741.0;1373.0;3094.0;86;1328.0;1505.0;209.0
41;PR;2021;1373;1508.0;2149.0;1131.0;82.0;73.0;1408.0;197.0;1048;730.0;848.0;2348.0;83;1286.0;921.0;122.0
42;SC;2021;375;238.0;620.0;290.0;33.0;11.0;530.0;92.0;265;180.0;161.0;712.0;25;451.0;172.0;79.0
11;RO;2021;347;320.0;482.0;206.0;27.0;36.0;135.0;54.0;190;154.0;359.0;536.0;16;117.0;395.0;18.0
12;AC;2021;118;112.0;176.0;94.0;6.0;26.0;20.0;28.0;84;67.0;158.0;205.0;10;18.0;184.0;2.0
13;AM;2021;1272;1833.0;1679.0;1051.0;73.0;111.0;161.0;135.0;991;813.0;1505.0;1816.0;60;137.0;1616.0;24.0
14;RR;2021;105;1260.0;238.0;116.0;7.0;12.0;64.0;20.0;105;58.0;181.0;258.0;11;56.0;193.0;8.0
15;PA;2021;1939;641.0;2627.0;1453.0;100.0;185.0;169.0;208.0;1366;1106.0;2425.0;2847.0;87;152.0;2611.0;17.0
16;AP;2021;314;98.0;443.0;313.0;11.0;18.0;10.0;19.0;305;217.0;428.0;462.0;8;10.0;446.0;0.0
17;TO;2021;253;178.0;401.0;211.0;14.0;22.0;70.0;39.0;199;135.0;333.0;441.0;12;57.0;355.0;13.0
21;MA;2021;1447;975.0;1868.0;943.0;71.0;110.0;215.0;131.0;896;736.0;1644.0;1999.0;47;197.0;1754.0;18.0
22;PI;2021;558;2881.0;695.0;371.0;38.0;53.0;79.0;68.0;343;312.0;611.0;766.0;28;66.0;664.0;13.0
23;CE;2021;2973;239.0;3135.0;1949.0;264.0;299.0;251.0;336.0;1779;1768.0;2906.0;3471.0;170;215.0;3205.0;36.0
24;RN;2021;1023;1290.0;1109.0;600.0;48.0;59.0;106.0;70.0;572;545.0;996.0;1179.0;28;96.0;1055.0;10.0
25;PB;2021;930;5001.0;1061.0;554.0;43.0;63.0;91.0;83.0;522;491.0;927.0;1144.0;32;76.0;990.0;15.0
26;PE;2021;2801;829.0;3191.0;1752.0;153.0;195.0;561.0;245.0;1644;1539.0;2641.0;3439.0;107;515.0;2836.0;45.0
27;AL;2021;736;1198.0;1005.0;628.0;29.0;65.0;12.0;65.0;604;474.0;979.0;1070.0;24;12.0;1044.0;0.0
